step_num,step_type,latency_ms,recall_mean,recall_std_dev,gt_scan_mean,gt_scan_dev,mainteance_ms,index_mem_gb,num_partitions,num_vectors
2,search,2336.83,-1.0,-1.0,-1.0,-1.0,4.389,0.0184873,1024,38806
3,insert,9.285,-1.0,-1.0,-1.0,-1.0,10.822,0.0226399,1020,49334
4,search,1637,-1.0,-1.0,-1.0,-1.0,10.937,0.0226509,1017,49334
5,insert,14.965,-1.0,-1.0,-1.0,-1.0,157.02,0.0331879,1008,73557
6,search,1700.63,-1.0,-1.0,-1.0,-1.0,131.037,0.0332577,1010,73557
7,insert,32.652,-1.0,-1.0,-1.0,-1.0,128.443,0.0428645,1008,95766
8,search,1722.13,-1.0,-1.0,-1.0,-1.0,96.171,0.0429987,1011,95766
9,insert,3.494,-1.0,-1.0,-1.0,-1.0,89.102,0.0447152,1011,100025
10,search,1713.11,-1.0,-1.0,-1.0,-1.0,76.216,0.044778,1013,100025
11,insert,8.56,-1.0,-1.0,-1.0,-1.0,78.126,0.0498058,1016,111417
12,search,1740.21,-1.0,-1.0,-1.0,-1.0,15.362,0.050202,1018,111417
13,insert,18.508,-1.0,-1.0,-1.0,-1.0,8.029,0.0613016,1020,137139
14,search,1737.66,-1.0,-1.0,-1.0,-1.0,13.383,0.0613061,1022,137139
15,insert,14.621,-1.0,-1.0,-1.0,-1.0,6.594,0.0696305,1023,156710
16,search,1765.62,-1.0,-1.0,-1.0,-1.0,15.674,0.0696334,1027,156710
17,insert,3.996,-1.0,-1.0,-1.0,-1.0,9.588,0.0718712,1030,161773
18,search,1764.61,-1.0,-1.0,-1.0,-1.0,10.064,0.0719439,1033,161773
19,insert,31.771,-1.0,-1.0,-1.0,-1.0,12.815,0.0789843,1038,177161
20,search,1655.41,-1.0,-1.0,-1.0,-1.0,3.087,0.0789843,1038,177161
21,insert,177.536,-1.0,-1.0,-1.0,-1.0,92.183,0.200641,1084,448898
22,search,1419.76,-1.0,-1.0,-1.0,-1.0,24.424,0.200676,1095,448898
23,insert,188.153,-1.0,-1.0,-1.0,-1.0,140.515,0.327594,1146,733493
24,search,1599.31,-1.0,-1.0,-1.0,-1.0,46.969,0.328483,1164,733493
25,insert,24.87,-1.0,-1.0,-1.0,-1.0,10.945,0.345922,1168,777443
26,search,1625.68,-1.0,-1.0,-1.0,-1.0,5.67,0.345925,1169,777443
27,insert,14.107,-1.0,-1.0,-1.0,-1.0,7.847,0.356689,1170,805394
28,search,1646.91,-1.0,-1.0,-1.0,-1.0,7.375,0.356776,1171,805394
29,insert,30.787,-1.0,-1.0,-1.0,-1.0,32.308,0.383981,1186,866391
30,search,1664.1,-1.0,-1.0,-1.0,-1.0,6.252,0.383981,1187,866391
31,insert,254.78,-1.0,-1.0,-1.0,-1.0,203.687,0.553265,1248,1239816
32,search,1857.4,-1.0,-1.0,-1.0,-1.0,40.651,0.553599,1257,1239816
33,insert,24.712,-1.0,-1.0,-1.0,-1.0,15.181,0.573925,1263,1291211
34,search,1884.75,-1.0,-1.0,-1.0,-1.0,27.534,0.5741,1268,1291211
35,insert,16.861,-1.0,-1.0,-1.0,-1.0,15.085,0.587674,1274,1324978
36,search,1902.28,-1.0,-1.0,-1.0,-1.0,4.367,0.587674,1274,1324978
37,insert,21.659,-1.0,-1.0,-1.0,-1.0,14.925,0.606952,1278,1371885
38,search,1926.21,-1.0,-1.0,-1.0,-1.0,7.017,0.606952,1279,1371885
39,insert,4.268,-1.0,-1.0,-1.0,-1.0,3.926,0.610335,1279,1379335
40,search,1925.94,-1.0,-1.0,-1.0,-1.0,6.523,0.610336,1280,1379335
41,insert,17.099,-1.0,-1.0,-1.0,-1.0,8.173,0.62354,1281,1413312
42,search,1948.95,-1.0,-1.0,-1.0,-1.0,12.054,0.623643,1282,1413312
43,insert,6.736,-1.0,-1.0,-1.0,-1.0,8.3,0.626657,1283,1423411
44,search,1960.35,-1.0,-1.0,-1.0,-1.0,7.253,0.626711,1284,1423411
45,insert,116.659,-1.0,-1.0,-1.0,-1.0,21.016,0.643099,1293,1457559
46,search,1964.04,-1.0,-1.0,-1.0,-1.0,4.698,0.643099,1293,1457559
47,insert,159.067,-1.0,-1.0,-1.0,-1.0,151.751,0.748997,1328,1688593
48,search,2079.41,-1.0,-1.0,-1.0,-1.0,28.83,0.748996,1332,1688593
49,insert,18.701,-1.0,-1.0,-1.0,-1.0,16.118,0.762754,1338,1723505
50,search,2097.02,-1.0,-1.0,-1.0,-1.0,16.35,0.762773,1340,1723505
51,insert,197.078,-1.0,-1.0,-1.0,-1.0,160.951,0.902422,1386,2035040
52,search,2266.09,-1.0,-1.0,-1.0,-1.0,18.447,0.902436,1389,2035040
53,insert,28.659,-1.0,-1.0,-1.0,-1.0,31.398,0.921724,1397,2078341
54,search,2289.3,-1.0,-1.0,-1.0,-1.0,4.352,0.921724,1397,2078341
55,insert,206.196,-1.0,-1.0,-1.0,-1.0,280.749,1.07006,1454,2399905
56,search,2466.19,-1.0,-1.0,-1.0,-1.0,47.658,1.0704,1467,2399905
57,insert,11.309,-1.0,-1.0,-1.0,-1.0,8.377,1.0775,1468,2419836
58,search,2443.28,-1.0,-1.0,-1.0,-1.0,31.209,1.07752,1473,2419836
59,insert,127.64,-1.0,-1.0,-1.0,-1.0,78.809,1.17641,1485,2643083
60,search,2499.14,-1.0,-1.0,-1.0,-1.0,15.664,1.17652,1488,2643083
61,insert,5.642,-1.0,-1.0,-1.0,-1.0,7.878,1.18039,1489,2653064
62,search,2497.54,-1.0,-1.0,-1.0,-1.0,8.4,1.18059,1490,2653064
63,insert,2.265,-1.0,-1.0,-1.0,-1.0,4.725,1.18237,1490,2656118
64,search,2508.82,-1.0,-1.0,-1.0,-1.0,4.816,1.18237,1490,2656118
65,insert,39.859,-1.0,-1.0,-1.0,-1.0,55.271,1.21281,1509,2723424
66,search,2551.77,-1.0,-1.0,-1.0,-1.0,4.928,1.21281,1509,2723424
67,insert,22.055,-1.0,-1.0,-1.0,-1.0,43.598,1.233,1525,2769021
68,search,2590.34,-1.0,-1.0,-1.0,-1.0,4.987,1.233,1525,2769021
69,insert,26.783,-1.0,-1.0,-1.0,-1.0,41.015,1.25648,1537,2821777
70,search,2602.64,-1.0,-1.0,-1.0,-1.0,7.279,1.25648,1538,2821777
71,insert,8.187,-1.0,-1.0,-1.0,-1.0,10.274,1.26265,1540,2834921
72,search,2624.82,-1.0,-1.0,-1.0,-1.0,5.235,1.26265,1540,2834921
73,insert,4.355,-1.0,-1.0,-1.0,-1.0,12.37,1.26619,1542,2842044
74,search,2611.77,-1.0,-1.0,-1.0,-1.0,5.005,1.26619,1542,2842044
75,insert,8.118,-1.0,-1.0,-1.0,-1.0,14.921,1.27087,1546,2858890
76,search,2635.21,-1.0,-1.0,-1.0,-1.0,6.397,1.27087,1546,2858890
77,insert,23.39,-1.0,-1.0,-1.0,-1.0,10.204,1.27943,1547,2882818
78,search,2624.73,-1.0,-1.0,-1.0,-1.0,5.326,1.27943,1547,2882818
79,insert,284.164,-1.0,-1.0,-1.0,-1.0,11.058,1.30757,1549,2947806
80,search,2653.05,-1.0,-1.0,-1.0,-1.0,5.61,1.30757,1549,2947806
81,insert,20.671,-1.0,-1.0,-1.0,-1.0,19.613,1.3184,1552,2976895
82,search,2666.54,-1.0,-1.0,-1.0,-1.0,10.052,1.31871,1553,2976895
83,insert,7.349,-1.0,-1.0,-1.0,-1.0,13.113,1.32463,1555,2990682
84,search,2674.31,-1.0,-1.0,-1.0,-1.0,5.581,1.32463,1555,2990682
85,insert,23.783,-1.0,-1.0,-1.0,-1.0,18.624,1.33857,1559,3025613
86,search,2681.47,-1.0,-1.0,-1.0,-1.0,5.118,1.33857,1559,3025613
87,insert,307.676,-1.0,-1.0,-1.0,-1.0,371.562,1.54092,1640,3468632
88,search,2909.62,-1.0,-1.0,-1.0,-1.0,64.707,1.54109,1653,3468632
89,insert,233.126,-1.0,-1.0,-1.0,-1.0,345.566,1.70727,1738,3831692
90,search,3129.83,-1.0,-1.0,-1.0,-1.0,37.655,1.70737,1744,3831692
91,insert,19.274,-1.0,-1.0,-1.0,-1.0,24.634,1.71781,1749,3864067
92,search,3132.94,-1.0,-1.0,-1.0,-1.0,7.794,1.71781,1749,3864067
93,insert,126.897,-1.0,-1.0,-1.0,-1.0,145.668,1.82186,1786,4103827
94,search,3242.27,-1.0,-1.0,-1.0,-1.0,22.863,1.82233,1789,4103827
95,insert,8.147,-1.0,-1.0,-1.0,-1.0,25.319,1.8285,1795,4119898
96,search,3251.4,-1.0,-1.0,-1.0,-1.0,8.884,1.8285,1795,4119898
97,insert,5.289,-1.0,-1.0,-1.0,-1.0,8.189,1.83174,1795,4129367
98,search,3255.35,-1.0,-1.0,-1.0,-1.0,8.831,1.83174,1795,4129367
99,insert,3.001,-1.0,-1.0,-1.0,-1.0,12.28,1.83296,1796,4134502
100,search,3254.18,-1.0,-1.0,-1.0,-1.0,8.691,1.83296,1796,4134502
101,insert,17.69,-1.0,-1.0,-1.0,-1.0,35.67,1.84434,1805,4164482
102,search,3292.14,-1.0,-1.0,-1.0,-1.0,9.312,1.84434,1805,4164482
103,insert,8.039,-1.0,-1.0,-1.0,-1.0,16.545,1.84877,1807,4178601
104,search,3286.57,-1.0,-1.0,-1.0,-1.0,9.06,1.84877,1807,4178601
105,insert,5.41,-1.0,-1.0,-1.0,-1.0,11.712,1.85231,1808,4187774
106,search,3286,-1.0,-1.0,-1.0,-1.0,9.157,1.85231,1808,4187774
107,insert,9.627,-1.0,-1.0,-1.0,-1.0,8.674,1.85729,1808,4200109
108,search,3284.27,-1.0,-1.0,-1.0,-1.0,9.146,1.85729,1808,4200109
109,insert,231.728,-1.0,-1.0,-1.0,-1.0,299.747,2.01518,1871,4557867
110,search,3465.45,-1.0,-1.0,-1.0,-1.0,33.959,2.0158,1878,4557867
111,insert,16.308,-1.0,-1.0,-1.0,-1.0,38.987,2.02997,1887,4587252
112,search,3471.71,-1.0,-1.0,-1.0,-1.0,11.009,2.02997,1887,4587252
113,insert,6.412,-1.0,-1.0,-1.0,-1.0,10.56,2.03391,1887,4600056
114,search,3481.72,-1.0,-1.0,-1.0,-1.0,14.974,2.03393,1888,4600056
115,insert,17.79,-1.0,-1.0,-1.0,-1.0,28.766,2.04481,1893,4627422
116,search,3501.25,-1.0,-1.0,-1.0,-1.0,17.313,2.04494,1895,4627422
117,insert,7.063,-1.0,-1.0,-1.0,-1.0,19.103,2.04946,1897,4639292
118,search,3509.01,-1.0,-1.0,-1.0,-1.0,11.485,2.04946,1897,4639292
119,insert,2.2,-1.0,-1.0,-1.0,-1.0,10.771,2.05061,1897,4643423
120,search,3511.29,-1.0,-1.0,-1.0,-1.0,11.462,2.05061,1897,4643423
121,insert,9.354,-1.0,-1.0,-1.0,-1.0,23.315,2.05856,1900,4657252
122,search,3524.37,-1.0,-1.0,-1.0,-1.0,14.789,2.05866,1901,4657252
123,insert,211.7,-1.0,-1.0,-1.0,-1.0,260.876,2.18616,1948,4938477
124,search,3639.87,-1.0,-1.0,-1.0,-1.0,89.885,2.18651,1959,4938477
125,insert,29.311,-1.0,-1.0,-1.0,-1.0,37.908,2.205,1965,4980492
126,search,3672.94,-1.0,-1.0,-1.0,-1.0,37.078,2.20509,1969,4980492
127,insert,29.517,-1.0,-1.0,-1.0,-1.0,72.982,2.22834,1987,5030515
128,search,3711.16,-1.0,-1.0,-1.0,-1.0,17.716,2.22838,1988,5030515
129,delete,10.997,-1.0,-1.0,-1.0,-1.0,14.344,2.22779,1983,5009391
130,search,3658.64,-1.0,-1.0,-1.0,-1.0,13.195,2.22779,1983,5009391
131,delete,2.832,-1.0,-1.0,-1.0,-1.0,12.428,2.22779,1983,5004093
132,search,3690.44,-1.0,-1.0,-1.0,-1.0,14.309,2.22779,1983,5004093
133,delete,12.406,-1.0,-1.0,-1.0,-1.0,12.843,2.22776,1983,4991787
134,search,3688.53,-1.0,-1.0,-1.0,-1.0,13.477,2.22776,1983,4991787
135,delete,14.162,-1.0,-1.0,-1.0,-1.0,12.55,2.22676,1983,4974857
136,search,3668.84,-1.0,-1.0,-1.0,-1.0,13.185,2.22676,1983,4974857
137,delete,2.514,-1.0,-1.0,-1.0,-1.0,12.444,2.22676,1983,4971386
138,search,3701.45,-1.0,-1.0,-1.0,-1.0,13.545,2.22676,1983,4971386
139,delete,6.679,-1.0,-1.0,-1.0,-1.0,12.602,2.22676,1983,4963487
140,search,3682.42,-1.0,-1.0,-1.0,-1.0,13.199,2.22676,1983,4963487
141,delete,14.726,-1.0,-1.0,-1.0,-1.0,12.61,2.22518,1983,4941830
142,search,3671.46,-1.0,-1.0,-1.0,-1.0,13.658,2.22518,1983,4941830
143,delete,12.79,-1.0,-1.0,-1.0,-1.0,12.536,2.22321,1983,4925657
144,search,3671.03,-1.0,-1.0,-1.0,-1.0,13.155,2.22321,1983,4925657
145,delete,1.994,-1.0,-1.0,-1.0,-1.0,12.43,2.22304,1983,4922686
146,search,3661.02,-1.0,-1.0,-1.0,-1.0,13.537,2.22304,1983,4922686
147,delete,7.806,-1.0,-1.0,-1.0,-1.0,12.451,2.22304,1983,4913636
148,search,3651.65,-1.0,-1.0,-1.0,-1.0,13.253,2.22304,1983,4913636
149,delete,119.703,-1.0,-1.0,-1.0,-1.0,58.942,2.19397,1973,4717250
150,search,3561.59,-1.0,-1.0,-1.0,-1.0,13.811,2.19397,1973,4717250
151,delete,108.13,-1.0,-1.0,-1.0,-1.0,74.478,2.15347,1961,4560269
152,search,3483.17,-1.0,-1.0,-1.0,-1.0,13.397,2.15347,1961,4560269
153,delete,20.16,-1.0,-1.0,-1.0,-1.0,30.956,2.14159,1956,4521936
154,search,3449.4,-1.0,-1.0,-1.0,-1.0,13.849,2.14159,1956,4521936
155,delete,14.384,-1.0,-1.0,-1.0,-1.0,12.002,2.13912,1956,4502222
156,search,3471.17,-1.0,-1.0,-1.0,-1.0,13.369,2.13912,1956,4502222
157,delete,24.212,-1.0,-1.0,-1.0,-1.0,13.332,2.13268,1956,4456039
158,search,3432.98,-1.0,-1.0,-1.0,-1.0,13.819,2.13268,1956,4456039
159,delete,205.195,-1.0,-1.0,-1.0,-1.0,253.224,1.99612,1900,4143922
160,search,3247.23,-1.0,-1.0,-1.0,-1.0,18.595,1.99632,1901,4143922
161,delete,26.869,-1.0,-1.0,-1.0,-1.0,13.28,1.9913,1901,4101445
162,search,3264.23,-1.0,-1.0,-1.0,-1.0,13.408,1.9913,1901,4101445
163,delete,13.031,-1.0,-1.0,-1.0,-1.0,12.135,1.98712,1901,4080175
164,search,3260.52,-1.0,-1.0,-1.0,-1.0,13.028,1.98712,1901,4080175
165,delete,21.187,-1.0,-1.0,-1.0,-1.0,12.607,1.9794,1901,4047313
166,search,3237.34,-1.0,-1.0,-1.0,-1.0,13.487,1.9794,1901,4047313
167,delete,6.217,-1.0,-1.0,-1.0,-1.0,11.891,1.97732,1901,4040738
168,search,3221.98,-1.0,-1.0,-1.0,-1.0,13.288,1.97732,1901,4040738
169,delete,14.115,-1.0,-1.0,-1.0,-1.0,20.042,1.97017,1900,4022674
170,search,3225.94,-1.0,-1.0,-1.0,-1.0,13.511,1.97017,1900,4022674
171,delete,5.851,-1.0,-1.0,-1.0,-1.0,11.892,1.96758,1900,4015835
172,search,3225.49,-1.0,-1.0,-1.0,-1.0,13.099,1.96758,1900,4015835
173,delete,22.926,-1.0,-1.0,-1.0,-1.0,12.652,1.95975,1900,3986424
174,search,3212.01,-1.0,-1.0,-1.0,-1.0,13.387,1.95975,1900,3986424
175,delete,121.219,-1.0,-1.0,-1.0,-1.0,219.591,1.87426,1854,3804693
176,search,3115.83,-1.0,-1.0,-1.0,-1.0,19.467,1.87445,1855,3804693
177,delete,11.841,-1.0,-1.0,-1.0,-1.0,12.197,1.86932,1855,3786352
178,search,3071.46,-1.0,-1.0,-1.0,-1.0,12.963,1.86932,1855,3786352
179,delete,153.885,-1.0,-1.0,-1.0,-1.0,165.157,1.756,1799,3556994
180,search,2960.84,-1.0,-1.0,-1.0,-1.0,12.413,1.756,1799,3556994
181,delete,19.135,-1.0,-1.0,-1.0,-1.0,12.099,1.74619,1798,3526824
182,search,2949.73,-1.0,-1.0,-1.0,-1.0,12.3,1.74619,1798,3526824
183,delete,109.908,-1.0,-1.0,-1.0,-1.0,238.963,1.65983,1743,3350245
184,search,2850.24,-1.0,-1.0,-1.0,-1.0,16.976,1.66003,1744,3350245
185,delete,6.328,-1.0,-1.0,-1.0,-1.0,12.297,1.65808,1742,3340234
186,search,2837.1,-1.0,-1.0,-1.0,-1.0,11.986,1.65808,1742,3340234
187,delete,115.256,-1.0,-1.0,-1.0,-1.0,152.169,1.55932,1709,3150857
188,search,2732.78,-1.0,-1.0,-1.0,-1.0,18.017,1.5594,1710,3150857
189,delete,5.078,-1.0,-1.0,-1.0,-1.0,10.656,1.55758,1710,3143609
190,search,2771.77,-1.0,-1.0,-1.0,-1.0,11.491,1.55758,1710,3143609
191,delete,1.927,-1.0,-1.0,-1.0,-1.0,10.434,1.55701,1710,3141038
192,search,2753.56,-1.0,-1.0,-1.0,-1.0,11.622,1.55701,1710,3141038
193,delete,46.636,-1.0,-1.0,-1.0,-1.0,11.848,1.53278,1710,3081734
194,search,2713.76,-1.0,-1.0,-1.0,-1.0,11.54,1.53278,1710,3081734
195,delete,24.76,-1.0,-1.0,-1.0,-1.0,20.799,1.51748,1708,3043966
196,search,2703.21,-1.0,-1.0,-1.0,-1.0,11.547,1.51748,1708,3043966
197,delete,24.537,-1.0,-1.0,-1.0,-1.0,27.174,1.50337,1707,3008145
198,search,2700.51,-1.0,-1.0,-1.0,-1.0,11.546,1.50337,1707,3008145
199,delete,7.136,-1.0,-1.0,-1.0,-1.0,10.512,1.50019,1707,2999384
200,search,2696.2,-1.0,-1.0,-1.0,-1.0,11.56,1.50019,1707,2999384
201,delete,4.344,-1.0,-1.0,-1.0,-1.0,10.422,1.49727,1707,2993528
202,search,2694.09,-1.0,-1.0,-1.0,-1.0,12.596,1.49727,1707,2993528
203,delete,16.918,-1.0,-1.0,-1.0,-1.0,10.622,1.49322,1707,2980973
204,search,2686.89,-1.0,-1.0,-1.0,-1.0,11.379,1.49322,1707,2980973
205,delete,20.176,-1.0,-1.0,-1.0,-1.0,10.86,1.48257,1707,2960291
206,search,2678.78,-1.0,-1.0,-1.0,-1.0,11.593,1.48257,1707,2960291
207,delete,31.28,-1.0,-1.0,-1.0,-1.0,20.921,1.46165,1699,2920620
208,search,2667.72,-1.0,-1.0,-1.0,-1.0,12.457,1.46165,1699,2920620
209,delete,21.298,-1.0,-1.0,-1.0,-1.0,17.96,1.45286,1698,2900501
210,search,2659.79,-1.0,-1.0,-1.0,-1.0,11.38,1.45286,1698,2900501
211,delete,6.549,-1.0,-1.0,-1.0,-1.0,10.32,1.45001,1698,2891660
212,search,2664.06,-1.0,-1.0,-1.0,-1.0,11.807,1.45001,1698,2891660
213,delete,15.984,-1.0,-1.0,-1.0,-1.0,12.477,1.44168,1697,2873257
214,search,2645.64,-1.0,-1.0,-1.0,-1.0,11.397,1.44168,1697,2873257
215,delete,234.928,-1.0,-1.0,-1.0,-1.0,253.923,1.2605,1633,2537571
216,search,2469.56,-1.0,-1.0,-1.0,-1.0,17.888,1.26073,1634,2537571
217,delete,163.867,-1.0,-1.0,-1.0,-1.0,170.108,1.15096,1591,2308194
218,search,2354.55,-1.0,-1.0,-1.0,-1.0,15.327,1.15103,1592,2308194
219,delete,14.836,-1.0,-1.0,-1.0,-1.0,12.583,1.1441,1591,2285820
220,search,2314.7,-1.0,-1.0,-1.0,-1.0,10.651,1.1441,1591,2285820
221,delete,137.505,-1.0,-1.0,-1.0,-1.0,153.435,1.03423,1524,2082858
222,search,2216.86,-1.0,-1.0,-1.0,-1.0,10.276,1.03423,1524,2082858
223,delete,8.352,-1.0,-1.0,-1.0,-1.0,10.323,1.03088,1523,2071207
224,search,2198.68,-1.0,-1.0,-1.0,-1.0,9.846,1.03088,1523,2071207
225,delete,4.547,-1.0,-1.0,-1.0,-1.0,8.801,1.02931,1523,2065400
226,search,2197.41,-1.0,-1.0,-1.0,-1.0,10.317,1.02931,1523,2065400
227,delete,3.716,-1.0,-1.0,-1.0,-1.0,8.83,1.02778,1523,2062105
228,search,2204.91,-1.0,-1.0,-1.0,-1.0,10.003,1.02778,1523,2062105
229,delete,16.042,-1.0,-1.0,-1.0,-1.0,13.738,1.02037,1521,2039610
230,search,2188.07,-1.0,-1.0,-1.0,-1.0,10.094,1.02037,1521,2039610
231,delete,9.052,-1.0,-1.0,-1.0,-1.0,13.067,1.01385,1520,2027795
232,search,2175.88,-1.0,-1.0,-1.0,-1.0,10.181,1.01385,1520,2027795
233,delete,5.711,-1.0,-1.0,-1.0,-1.0,8.804,1.01131,1520,2022859
234,search,2202.35,-1.0,-1.0,-1.0,-1.0,9.933,1.01131,1520,2022859
235,delete,6.29,-1.0,-1.0,-1.0,-1.0,10.351,1.00832,1517,2016264
236,search,2176.95,-1.0,-1.0,-1.0,-1.0,10.041,1.00832,1517,2016264
237,delete,169.665,-1.0,-1.0,-1.0,-1.0,175.039,0.885904,1464,1782866
238,search,2063.08,-1.0,-1.0,-1.0,-1.0,9.655,0.885904,1464,1782866
239,delete,15.913,-1.0,-1.0,-1.0,-1.0,19.137,0.875419,1460,1758931
240,search,2068.19,-1.0,-1.0,-1.0,-1.0,9.27,0.875419,1460,1758931
241,delete,5.178,-1.0,-1.0,-1.0,-1.0,13.209,0.872546,1459,1751275
242,search,2042.53,-1.0,-1.0,-1.0,-1.0,9.336,0.872546,1459,1751275
243,delete,11.615,-1.0,-1.0,-1.0,-1.0,10.146,0.867792,1458,1733264
244,search,2040.7,-1.0,-1.0,-1.0,-1.0,9.356,0.867792,1458,1733264
245,delete,7.609,-1.0,-1.0,-1.0,-1.0,8.068,0.864776,1458,1722658
246,search,2033.25,-1.0,-1.0,-1.0,-1.0,9.262,0.864776,1458,1722658
247,delete,2.571,-1.0,-1.0,-1.0,-1.0,8.421,0.864104,1458,1719601
248,search,2025.81,-1.0,-1.0,-1.0,-1.0,9.3,0.864104,1458,1719601
249,delete,7.747,-1.0,-1.0,-1.0,-1.0,8.285,0.858977,1458,1711648
250,search,2030.27,-1.0,-1.0,-1.0,-1.0,9.239,0.858977,1458,1711648
251,delete,175.394,-1.0,-1.0,-1.0,-1.0,208.529,0.722563,1362,1470624
252,search,1882.06,-1.0,-1.0,-1.0,-1.0,8.381,0.722563,1362,1470624
253,delete,19.23,-1.0,-1.0,-1.0,-1.0,13.577,0.711876,1359,1442070
254,search,1875.11,-1.0,-1.0,-1.0,-1.0,8.451,0.711876,1359,1442070
255,delete,25.534,-1.0,-1.0,-1.0,-1.0,19.08,0.696489,1352,1405549
256,search,1851.51,-1.0,-1.0,-1.0,-1.0,8.404,0.696489,1352,1405549
257,insert,6.172,-1.0,-1.0,-1.0,-1.0,7.262,0.698638,1352,1416288
258,search,1873.97,-1.0,-1.0,-1.0,-1.0,8.181,0.698638,1352,1416288
259,insert,16.71,-1.0,-1.0,-1.0,-1.0,8.103,0.705291,1352,1443010
260,search,1861.02,-1.0,-1.0,-1.0,-1.0,8.381,0.705291,1352,1443010
261,insert,1.529,-1.0,-1.0,-1.0,-1.0,7.15,0.705618,1352,1447529
262,search,1869.42,-1.0,-1.0,-1.0,-1.0,8.398,0.705618,1352,1447529
263,insert,77.642,-1.0,-1.0,-1.0,-1.0,55.048,0.745655,1355,1569110
264,search,1956.71,-1.0,-1.0,-1.0,-1.0,46.841,0.745655,1358,1569110
265,insert,37.059,-1.0,-1.0,-1.0,-1.0,8.516,0.765288,1358,1636119
266,search,1931.49,-1.0,-1.0,-1.0,-1.0,40.358,0.765296,1362,1636119
267,insert,16.67,-1.0,-1.0,-1.0,-1.0,15.429,0.775432,1363,1665152
268,search,1949.46,-1.0,-1.0,-1.0,-1.0,20.124,0.775433,1365,1665152
269,insert,162.82,-1.0,-1.0,-1.0,-1.0,80.77,0.874826,1373,1916952
270,search,2026.95,-1.0,-1.0,-1.0,-1.0,46.976,0.874825,1378,1916952
271,insert,2.366,-1.0,-1.0,-1.0,-1.0,8.743,0.875937,1378,1920898
272,search,2025.99,-1.0,-1.0,-1.0,-1.0,16.352,0.875938,1379,1920898
273,insert,13.034,-1.0,-1.0,-1.0,-1.0,12.203,0.883856,1380,1942757
274,search,2024.19,-1.0,-1.0,-1.0,-1.0,8.515,0.883856,1380,1942757
275,insert,262.114,-1.0,-1.0,-1.0,-1.0,135.725,1.04525,1402,2328372
276,search,2197,-1.0,-1.0,-1.0,-1.0,46.015,1.04533,1408,2328372
277,insert,21.233,-1.0,-1.0,-1.0,-1.0,8.94,1.05748,1408,2363257
278,search,2174.51,-1.0,-1.0,-1.0,-1.0,24.969,1.05748,1411,2363257
279,insert,16.877,-1.0,-1.0,-1.0,-1.0,9.01,1.06826,1411,2388933
280,search,2194.97,-1.0,-1.0,-1.0,-1.0,8.709,1.06826,1411,2388933
281,insert,162.215,-1.0,-1.0,-1.0,-1.0,114.861,1.19873,1428,2684315
282,search,2282.39,-1.0,-1.0,-1.0,-1.0,33.411,1.19879,1432,2684315
283,insert,278.25,-1.0,-1.0,-1.0,-1.0,202.744,1.3857,1465,3109157
284,search,2451.51,-1.0,-1.0,-1.0,-1.0,77.717,1.3864,1479,3109157
285,insert,8.085,-1.0,-1.0,-1.0,-1.0,18.406,1.39147,1481,3122751
286,search,2472.19,-1.0,-1.0,-1.0,-1.0,20.049,1.39147,1483,3122751
287,insert,22.28,-1.0,-1.0,-1.0,-1.0,14.979,1.40676,1484,3163679
288,search,2487.14,-1.0,-1.0,-1.0,-1.0,10.569,1.40676,1484,3163679
289,insert,214.902,-1.0,-1.0,-1.0,-1.0,149.443,1.54322,1510,3472031
290,search,2606.7,-1.0,-1.0,-1.0,-1.0,39.771,1.54321,1516,3472031
291,insert,16.773,-1.0,-1.0,-1.0,-1.0,10.505,1.55445,1516,3495577
292,search,2613.64,-1.0,-1.0,-1.0,-1.0,17.208,1.55445,1517,3495577
293,insert,11.123,-1.0,-1.0,-1.0,-1.0,20.629,1.56351,1519,3515193
294,search,2621.7,-1.0,-1.0,-1.0,-1.0,9.976,1.56351,1519,3515193
295,insert,129.494,-1.0,-1.0,-1.0,-1.0,104.302,1.65673,1538,3723063
296,search,2713.71,-1.0,-1.0,-1.0,-1.0,23.993,1.65695,1540,3723063
297,insert,2.703,-1.0,-1.0,-1.0,-1.0,9.898,1.6586,1540,3727399
298,search,2719.7,-1.0,-1.0,-1.0,-1.0,20.666,1.65885,1542,3727399
299,insert,42.077,-1.0,-1.0,-1.0,-1.0,27.84,1.68336,1548,3788002
300,search,2762.34,-1.0,-1.0,-1.0,-1.0,10.569,1.68336,1548,3788002
301,insert,358.042,-1.0,-1.0,-1.0,-1.0,408.549,1.94938,1643,4370866
302,search,3073.8,-1.0,-1.0,-1.0,-1.0,51.579,1.94972,1655,4370866
303,insert,25.306,-1.0,-1.0,-1.0,-1.0,39.246,1.9714,1660,4420306
304,search,3119.12,-1.0,-1.0,-1.0,-1.0,10.985,1.9714,1660,4420306
305,insert,192.035,-1.0,-1.0,-1.0,-1.0,284.497,2.13875,1697,4789669
306,search,3278.57,-1.0,-1.0,-1.0,-1.0,125.783,2.1392,1713,4789669
307,insert,15.816,-1.0,-1.0,-1.0,-1.0,22.209,2.14817,1717,4815550
308,search,3236.61,-1.0,-1.0,-1.0,-1.0,65.099,2.14818,1725,4815550
309,insert,5.631,-1.0,-1.0,-1.0,-1.0,10.94,2.15176,1725,4823345
310,search,3263.86,-1.0,-1.0,-1.0,-1.0,39.658,2.15183,1730,4823345
311,insert,9.452,-1.0,-1.0,-1.0,-1.0,11.267,2.15845,1730,4843493
312,search,3280.3,-1.0,-1.0,-1.0,-1.0,10.912,2.15845,1730,4843493
313,insert,21.594,-1.0,-1.0,-1.0,-1.0,22.72,2.17574,1732,4885489
314,search,3295.76,-1.0,-1.0,-1.0,-1.0,17.156,2.17574,1733,4885489
315,insert,5.199,-1.0,-1.0,-1.0,-1.0,10.123,2.17911,1733,4892335
316,search,3273.06,-1.0,-1.0,-1.0,-1.0,10.889,2.17911,1733,4892335
317,insert,24.097,-1.0,-1.0,-1.0,-1.0,36.325,2.1957,1739,4932996
318,search,3271.71,-1.0,-1.0,-1.0,-1.0,10.953,2.1957,1739,4932996
319,insert,337.106,-1.0,-1.0,-1.0,-1.0,407.189,2.41284,1810,5430684
320,search,3552.35,-1.0,-1.0,-1.0,-1.0,101.45,2.41481,1831,5430684
321,insert,24.305,-1.0,-1.0,-1.0,-1.0,34.286,2.43029,1839,5471239
322,search,3557.69,-1.0,-1.0,-1.0,-1.0,19.356,2.43032,1841,5471239
323,insert,62.825,-1.0,-1.0,-1.0,-1.0,83.056,2.47794,1861,5575560
324,search,3623.09,-1.0,-1.0,-1.0,-1.0,23.498,2.47831,1864,5575560
325,insert,863.272,-1.0,-1.0,-1.0,-1.0,584.655,2.70857,1935,6069499
326,search,3942.49,-1.0,-1.0,-1.0,-1.0,177.786,2.70878,1956,6069499
327,insert,39.318,-1.0,-1.0,-1.0,-1.0,55.366,2.73899,1966,6139647
328,search,3855.25,-1.0,-1.0,-1.0,-1.0,81.395,2.73962,1974,6139647
329,insert,5.02,-1.0,-1.0,-1.0,-1.0,12.066,2.74247,1974,6146884
330,search,3846.98,-1.0,-1.0,-1.0,-1.0,66.56,2.7428,1982,6146884
331,insert,26.454,-1.0,-1.0,-1.0,-1.0,38.502,2.7624,1988,6188816
332,search,3863.78,-1.0,-1.0,-1.0,-1.0,32.147,2.7624,1992,6188816
333,insert,1.815,-1.0,-1.0,-1.0,-1.0,11.841,2.76338,1992,6190810
334,search,3880.84,-1.0,-1.0,-1.0,-1.0,16.077,2.76346,1993,6190810
335,insert,28.969,-1.0,-1.0,-1.0,-1.0,43.751,2.7801,2002,6230108
336,search,3904.89,-1.0,-1.0,-1.0,-1.0,12.216,2.7801,2002,6230108
337,insert,11.022,-1.0,-1.0,-1.0,-1.0,21.258,2.78768,2004,6249699
338,search,3903.25,-1.0,-1.0,-1.0,-1.0,11.864,2.78768,2004,6249699
339,insert,24.388,-1.0,-1.0,-1.0,-1.0,48.714,2.80027,2011,6290226
340,search,3921.14,-1.0,-1.0,-1.0,-1.0,12.084,2.80027,2011,6290226
341,insert,3.959,-1.0,-1.0,-1.0,-1.0,17.22,2.80268,2012,6297556
342,search,3927.9,-1.0,-1.0,-1.0,-1.0,12.116,2.80268,2012,6297556
343,insert,20.984,-1.0,-1.0,-1.0,-1.0,60.681,2.81805,2023,6330843
344,search,3972.88,-1.0,-1.0,-1.0,-1.0,31.544,2.81868,2027,6330843
345,insert,23.245,-1.0,-1.0,-1.0,-1.0,53.132,2.83556,2037,6370265
346,search,4009.85,-1.0,-1.0,-1.0,-1.0,12.356,2.83556,2037,6370265
347,insert,333.099,-1.0,-1.0,-1.0,-1.0,556.656,3.04293,2152,6831086
348,search,4251.84,-1.0,-1.0,-1.0,-1.0,110.347,3.04561,2175,6831086
349,insert,23.966,-1.0,-1.0,-1.0,-1.0,46.772,3.06228,2182,6876154
350,search,4266.98,-1.0,-1.0,-1.0,-1.0,25.325,3.06242,2184,6876154
351,insert,268.274,-1.0,-1.0,-1.0,-1.0,398.521,3.24288,2250,7288266
352,search,4488.62,-1.0,-1.0,-1.0,-1.0,133.437,3.24398,2269,7288266
353,insert,31.691,-1.0,-1.0,-1.0,-1.0,41.792,3.26303,2276,7333132
354,search,4507.2,-1.0,-1.0,-1.0,-1.0,55.665,3.26312,2281,7333132
355,insert,235.231,-1.0,-1.0,-1.0,-1.0,355.972,3.42551,2346,7696838
356,search,4702.29,-1.0,-1.0,-1.0,-1.0,81.558,3.42605,2358,7696838
357,insert,12.996,-1.0,-1.0,-1.0,-1.0,31.546,3.4332,2362,7714498
358,search,4663.49,-1.0,-1.0,-1.0,-1.0,25.381,3.43343,2365,7714498
359,insert,6.751,-1.0,-1.0,-1.0,-1.0,13.313,3.4372,2366,7725755
360,search,4637.73,-1.0,-1.0,-1.0,-1.0,10.396,3.4372,2366,7725755
361,insert,35.238,-1.0,-1.0,-1.0,-1.0,66.819,3.4615,2378,7789312
362,search,4681.97,-1.0,-1.0,-1.0,-1.0,16.436,3.4615,2379,7789312
363,insert,12.06,-1.0,-1.0,-1.0,-1.0,8.879,3.46494,2379,7803163
364,search,4707.18,-1.0,-1.0,-1.0,-1.0,9.766,3.46494,2379,7803163
365,insert,33.994,-1.0,-1.0,-1.0,-1.0,79.459,3.49103,2394,7863722
366,search,4728.76,-1.0,-1.0,-1.0,-1.0,19.351,3.4913,2396,7863722
367,insert,17.769,-1.0,-1.0,-1.0,-1.0,67.582,3.50443,2411,7895271
368,search,4740.43,-1.0,-1.0,-1.0,-1.0,17.604,3.50485,2412,7895271
369,insert,40.613,-1.0,-1.0,-1.0,-1.0,67.433,3.53265,2425,7961194
370,search,4744.27,-1.0,-1.0,-1.0,-1.0,9.996,3.53265,2425,7961194
371,insert,7.388,-1.0,-1.0,-1.0,-1.0,9.422,3.53641,2425,7970239
372,search,4817.37,-1.0,-1.0,-1.0,-1.0,10.248,3.53641,2425,7970239
373,insert,29.671,-1.0,-1.0,-1.0,-1.0,31.441,3.55303,2431,8010868
374,search,4820.8,-1.0,-1.0,-1.0,-1.0,20.478,3.5533,2433,8010868
375,insert,21.623,-1.0,-1.0,-1.0,-1.0,29.017,3.566,2437,8040698
376,search,4790.53,-1.0,-1.0,-1.0,-1.0,11.017,3.566,2437,8040698
377,insert,39.879,-1.0,-1.0,-1.0,-1.0,106.348,3.59464,2456,8104748
378,search,4852.22,-1.0,-1.0,-1.0,-1.0,41.786,3.5953,2461,8104748
379,insert,3.242,-1.0,-1.0,-1.0,-1.0,20.97,3.59731,2463,8109755
380,search,4889.9,-1.0,-1.0,-1.0,-1.0,10.75,3.59731,2463,8109755
381,insert,12.83,-1.0,-1.0,-1.0,-1.0,36.874,3.60633,2468,8130382
382,search,4859.69,-1.0,-1.0,-1.0,-1.0,10.817,3.60633,2468,8130382
383,insert,16.081,-1.0,-1.0,-1.0,-1.0,22.915,3.6142,2470,8153290
384,search,4879.55,-1.0,-1.0,-1.0,-1.0,21.497,3.61436,2472,8153290
385,delete,8.615,-1.0,-1.0,-1.0,-1.0,13.015,3.61436,2473,8138873
386,search,4842.39,-1.0,-1.0,-1.0,-1.0,10.845,3.61436,2473,8138873
387,delete,20.594,-1.0,-1.0,-1.0,-1.0,10.339,3.61371,2473,8115069
388,search,4915.66,-1.0,-1.0,-1.0,-1.0,11.395,3.61371,2473,8115069
389,delete,14.269,-1.0,-1.0,-1.0,-1.0,10.284,3.61371,2473,8101157
390,search,4881.09,-1.0,-1.0,-1.0,-1.0,10.715,3.61371,2473,8101157
391,delete,73.161,-1.0,-1.0,-1.0,-1.0,117.808,3.58733,2457,8014644
392,search,4809.25,-1.0,-1.0,-1.0,-1.0,23.385,3.58762,2459,8014644
393,delete,23.522,-1.0,-1.0,-1.0,-1.0,10.636,3.58717,2459,7978358
394,search,4784.1,-1.0,-1.0,-1.0,-1.0,10.814,3.58717,2459,7978358
395,delete,15.869,-1.0,-1.0,-1.0,-1.0,31.178,3.58119,2457,7957094
396,search,4805.94,-1.0,-1.0,-1.0,-1.0,12.259,3.58119,2457,7957094
397,delete,85.718,-1.0,-1.0,-1.0,-1.0,120.153,3.54694,2446,7823916
398,search,4754.46,-1.0,-1.0,-1.0,-1.0,11.222,3.54694,2446,7823916
399,delete,4.454,-1.0,-1.0,-1.0,-1.0,9.923,3.54666,2446,7818430
400,search,4774,-1.0,-1.0,-1.0,-1.0,10.704,3.54666,2446,7818430
401,delete,12.603,-1.0,-1.0,-1.0,-1.0,17.473,3.54315,2444,7800702
402,search,4739.62,-1.0,-1.0,-1.0,-1.0,11.235,3.54315,2444,7800702
403,delete,202.975,-1.0,-1.0,-1.0,-1.0,297.078,3.46014,2407,7517858
404,search,4647.78,-1.0,-1.0,-1.0,-1.0,19.241,3.4602,2408,7517858
405,delete,36.138,-1.0,-1.0,-1.0,-1.0,11.585,3.45835,2408,7451637
406,search,4632.25,-1.0,-1.0,-1.0,-1.0,11.027,3.45835,2408,7451637
407,delete,61.564,-1.0,-1.0,-1.0,-1.0,49.144,3.43488,2403,7360417
408,search,4561.29,-1.0,-1.0,-1.0,-1.0,26.815,3.43538,2405,7360417
409,delete,138.674,-1.0,-1.0,-1.0,-1.0,280.706,3.33823,2369,7131620
410,search,4479.13,-1.0,-1.0,-1.0,-1.0,27.731,3.33917,2372,7131620
411,delete,166.955,-1.0,-1.0,-1.0,-1.0,198.014,3.26451,2342,6867617
412,search,4349.54,-1.0,-1.0,-1.0,-1.0,24.475,3.26486,2343,6867617
413,delete,10.793,-1.0,-1.0,-1.0,-1.0,15.434,3.26308,2343,6850098
414,search,4378.94,-1.0,-1.0,-1.0,-1.0,16.926,3.26308,2343,6850098
415,delete,46.417,-1.0,-1.0,-1.0,-1.0,36.262,3.24515,2341,6782921
416,search,4366.91,-1.0,-1.0,-1.0,-1.0,16.932,3.24515,2341,6782921
417,delete,151.123,-1.0,-1.0,-1.0,-1.0,157.588,3.18425,2323,6562039
418,search,4282.43,-1.0,-1.0,-1.0,-1.0,16.47,3.18425,2323,6562039
419,delete,17.337,-1.0,-1.0,-1.0,-1.0,15.648,3.17971,2323,6536285
420,search,4244.03,-1.0,-1.0,-1.0,-1.0,16.58,3.17971,2323,6536285
421,delete,13.583,-1.0,-1.0,-1.0,-1.0,45.279,3.1705,2320,6510820
422,search,4255.37,-1.0,-1.0,-1.0,-1.0,16.622,3.1705,2320,6510820
423,delete,117.737,-1.0,-1.0,-1.0,-1.0,181.173,3.09797,2285,6334168
424,search,4132.42,-1.0,-1.0,-1.0,-1.0,28.523,3.09827,2286,6334168
425,delete,18.587,-1.0,-1.0,-1.0,-1.0,15.511,3.09497,2286,6316443
426,search,4142.85,-1.0,-1.0,-1.0,-1.0,16.654,3.09497,2286,6316443
427,delete,48.493,-1.0,-1.0,-1.0,-1.0,16.142,3.08022,2286,6266345
428,search,4123.38,-1.0,-1.0,-1.0,-1.0,16.181,3.08022,2286,6266345
429,delete,353.111,-1.0,-1.0,-1.0,-1.0,233.919,2.89947,2244,5883847
430,search,3904.11,-1.0,-1.0,-1.0,-1.0,37.192,2.89983,2246,5883847
431,delete,60.154,-1.0,-1.0,-1.0,-1.0,90.911,2.86483,2232,5801380
432,search,3871.97,-1.0,-1.0,-1.0,-1.0,16.317,2.86483,2232,5801380
433,delete,148.107,-1.0,-1.0,-1.0,-1.0,205.889,2.77348,2196,5607567
434,search,3796.18,-1.0,-1.0,-1.0,-1.0,17.022,2.77348,2196,5607567
435,delete,90.436,-1.0,-1.0,-1.0,-1.0,38.378,2.73324,2193,5512176
436,search,3759.81,-1.0,-1.0,-1.0,-1.0,29.314,2.73323,2194,5512176
437,delete,9.304,-1.0,-1.0,-1.0,-1.0,27.705,2.72599,2193,5501141
438,search,3748.94,-1.0,-1.0,-1.0,-1.0,28.71,2.72599,2194,5501141
439,delete,76.101,-1.0,-1.0,-1.0,-1.0,190.164,2.66289,2172,5369822
440,search,3715.37,-1.0,-1.0,-1.0,-1.0,29.97,2.66339,2174,5369822
441,delete,23.145,-1.0,-1.0,-1.0,-1.0,15.105,2.65407,2174,5338985
442,search,3709.12,-1.0,-1.0,-1.0,-1.0,15.691,2.65407,2174,5338985
443,delete,25.038,-1.0,-1.0,-1.0,-1.0,63.236,2.63804,2166,5307279
444,search,3672.1,-1.0,-1.0,-1.0,-1.0,15.58,2.63804,2166,5307279
445,delete,33.27,-1.0,-1.0,-1.0,-1.0,23.192,2.62103,2165,5268382
446,search,3676.29,-1.0,-1.0,-1.0,-1.0,15.443,2.62103,2165,5268382
447,delete,286.366,-1.0,-1.0,-1.0,-1.0,232.178,2.4498,2102,4922787
448,search,3512.22,-1.0,-1.0,-1.0,-1.0,14.807,2.4498,2102,4922787
449,delete,26.749,-1.0,-1.0,-1.0,-1.0,14.369,2.43787,2102,4887227
450,search,3484.79,-1.0,-1.0,-1.0,-1.0,14.885,2.43787,2102,4887227
451,delete,74.404,-1.0,-1.0,-1.0,-1.0,83.009,2.39077,2089,4795082
452,search,3478.98,-1.0,-1.0,-1.0,-1.0,14.594,2.39077,2089,4795082
453,delete,229.473,-1.0,-1.0,-1.0,-1.0,475.018,2.2334,2027,4500175
454,search,3325.89,-1.0,-1.0,-1.0,-1.0,31.699,2.23395,2030,4500175
455,delete,25.816,-1.0,-1.0,-1.0,-1.0,14.072,2.22376,2030,4462648
456,search,3325.29,-1.0,-1.0,-1.0,-1.0,22.603,2.22415,2031,4462648
457,delete,5.793,-1.0,-1.0,-1.0,-1.0,13.44,2.22143,2031,4456761
458,search,3336.67,-1.0,-1.0,-1.0,-1.0,13.95,2.22143,2031,4456761
459,delete,33.797,-1.0,-1.0,-1.0,-1.0,36.376,2.20087,2026,4419992
460,search,3313.29,-1.0,-1.0,-1.0,-1.0,14.127,2.20087,2026,4419992
461,delete,4.072,-1.0,-1.0,-1.0,-1.0,12.741,2.20011,2026,4415725
462,search,3295.29,-1.0,-1.0,-1.0,-1.0,13.964,2.20011,2026,4415725
463,delete,37.747,-1.0,-1.0,-1.0,-1.0,24.093,2.17708,2019,4370609
464,search,3242.51,-1.0,-1.0,-1.0,-1.0,14.453,2.17708,2019,4370609
465,delete,19.261,-1.0,-1.0,-1.0,-1.0,28.051,2.16346,2015,4345244
466,search,3254.2,-1.0,-1.0,-1.0,-1.0,14.162,2.16346,2015,4345244
467,delete,20.349,-1.0,-1.0,-1.0,-1.0,13.669,2.15541,2014,4319734
468,search,3264.4,-1.0,-1.0,-1.0,-1.0,14.705,2.15541,2014,4319734
469,delete,22.349,-1.0,-1.0,-1.0,-1.0,30.576,2.14539,2010,4298361
470,search,3254.43,-1.0,-1.0,-1.0,-1.0,14.892,2.14539,2010,4298361
471,delete,113.121,-1.0,-1.0,-1.0,-1.0,100.45,2.08636,1991,4188315
472,search,3193.12,-1.0,-1.0,-1.0,-1.0,13.603,2.08636,1991,4188315
473,delete,91.253,-1.0,-1.0,-1.0,-1.0,58.189,2.04011,1984,4074567
474,search,3163.58,-1.0,-1.0,-1.0,-1.0,23.449,2.0404,1985,4074567
475,delete,301.445,-1.0,-1.0,-1.0,-1.0,365.835,1.82354,1907,3691698
476,search,2957.64,-1.0,-1.0,-1.0,-1.0,55.545,1.82393,1911,3691698
477,delete,36.693,-1.0,-1.0,-1.0,-1.0,54.209,1.80494,1906,3642619
478,search,2903.54,-1.0,-1.0,-1.0,-1.0,14.088,1.80494,1906,3642619
479,delete,163.541,-1.0,-1.0,-1.0,-1.0,140.235,1.70777,1871,3421368
480,search,2858.19,-1.0,-1.0,-1.0,-1.0,13.171,1.70777,1871,3421368
481,delete,35.791,-1.0,-1.0,-1.0,-1.0,40.887,1.6875,1865,3378034
482,search,2847.87,-1.0,-1.0,-1.0,-1.0,13.245,1.6875,1865,3378034
483,delete,203.607,-1.0,-1.0,-1.0,-1.0,286.588,1.53897,1801,3115682
484,search,2699.2,-1.0,-1.0,-1.0,-1.0,12.537,1.53897,1801,3115682
485,delete,18.61,-1.0,-1.0,-1.0,-1.0,11.105,1.53471,1801,3094629
486,search,2641.95,-1.0,-1.0,-1.0,-1.0,12.709,1.53471,1801,3094629
487,delete,8.447,-1.0,-1.0,-1.0,-1.0,11.069,1.53283,1801,3086025
488,search,2686.18,-1.0,-1.0,-1.0,-1.0,12.288,1.53283,1801,3086025
489,delete,27.289,-1.0,-1.0,-1.0,-1.0,11.495,1.51833,1801,3052105
490,search,2687.28,-1.0,-1.0,-1.0,-1.0,12.589,1.51833,1801,3052105
491,delete,14.025,-1.0,-1.0,-1.0,-1.0,13.204,1.51221,1800,3038974
492,search,2682.11,-1.0,-1.0,-1.0,-1.0,12.757,1.51221,1800,3038974
493,delete,109.296,-1.0,-1.0,-1.0,-1.0,93.872,1.44793,1780,2911063
494,search,2642.79,-1.0,-1.0,-1.0,-1.0,12.144,1.44793,1780,2911063
495,delete,18.082,-1.0,-1.0,-1.0,-1.0,21.448,1.43784,1777,2888785
496,search,2609.1,-1.0,-1.0,-1.0,-1.0,12.456,1.43784,1777,2888785
497,delete,45.603,-1.0,-1.0,-1.0,-1.0,18.31,1.41342,1775,2829718
498,search,2593.17,-1.0,-1.0,-1.0,-1.0,12.441,1.41342,1775,2829718
499,delete,13.472,-1.0,-1.0,-1.0,-1.0,15.639,1.40662,1774,2816082
500,search,2585.09,-1.0,-1.0,-1.0,-1.0,12.047,1.40662,1774,2816082
501,delete,20.504,-1.0,-1.0,-1.0,-1.0,18.452,1.39537,1772,2790880
502,search,2569.6,-1.0,-1.0,-1.0,-1.0,12.304,1.39537,1772,2790880
503,delete,13.608,-1.0,-1.0,-1.0,-1.0,10.89,1.38973,1772,2774459
504,search,2565.5,-1.0,-1.0,-1.0,-1.0,12.233,1.38973,1772,2774459
505,delete,44.24,-1.0,-1.0,-1.0,-1.0,57.993,1.354,1759,2714683
506,search,2547.5,-1.0,-1.0,-1.0,-1.0,11.88,1.354,1759,2714683
507,delete,30.107,-1.0,-1.0,-1.0,-1.0,19.507,1.34295,1757,2680986
508,search,2536.35,-1.0,-1.0,-1.0,-1.0,12.188,1.34295,1757,2680986
509,delete,15.944,-1.0,-1.0,-1.0,-1.0,10.794,1.33628,1757,2662966
510,search,2518.01,-1.0,-1.0,-1.0,-1.0,11.968,1.33628,1757,2662966
511,delete,18.2,-1.0,-1.0,-1.0,-1.0,17.894,1.32637,1753,2642855
512,search,2519.3,-1.0,-1.0,-1.0,-1.0,12.239,1.32637,1753,2642855
513,insert,192.021,-1.0,-1.0,-1.0,-1.0,46.234,1.40705,1757,2906838
514,search,2576.74,-1.0,-1.0,-1.0,-1.0,11.906,1.40705,1757,2906838
515,insert,3.363,-1.0,-1.0,-1.0,-1.0,10.571,1.40763,1757,2913746
516,search,2593.95,-1.0,-1.0,-1.0,-1.0,12.099,1.40763,1757,2913746
517,insert,11.362,-1.0,-1.0,-1.0,-1.0,11.011,1.41094,1757,2936862
518,search,2553.57,-1.0,-1.0,-1.0,-1.0,12.013,1.41094,1757,2936862
519,insert,61.195,-1.0,-1.0,-1.0,-1.0,52.449,1.43576,1762,3009732
520,search,2648.83,-1.0,-1.0,-1.0,-1.0,32.462,1.43576,1765,3009732
521,insert,8.125,-1.0,-1.0,-1.0,-1.0,11.922,1.43872,1765,3025906
522,search,2618.57,-1.0,-1.0,-1.0,-1.0,12.179,1.43872,1765,3025906
523,insert,23.948,-1.0,-1.0,-1.0,-1.0,28.266,1.45084,1767,3061899
524,search,2618.31,-1.0,-1.0,-1.0,-1.0,12.11,1.45084,1767,3061899
525,insert,24.664,-1.0,-1.0,-1.0,-1.0,11.67,1.46028,1767,3101209
526,search,2641.95,-1.0,-1.0,-1.0,-1.0,12.116,1.46028,1767,3101209
527,insert,308.555,-1.0,-1.0,-1.0,-1.0,132.659,1.61253,1786,3522334
528,search,2805.99,-1.0,-1.0,-1.0,-1.0,51.368,1.61253,1789,3522334
529,insert,204.583,-1.0,-1.0,-1.0,-1.0,154.253,1.71662,1795,3797294
530,search,3081,-1.0,-1.0,-1.0,-1.0,99.615,1.71662,1800,3797294
531,insert,51.314,-1.0,-1.0,-1.0,-1.0,12.694,1.7354,1800,3853781
532,search,3019.97,-1.0,-1.0,-1.0,-1.0,69.104,1.7354,1803,3853781
533,insert,15.262,-1.0,-1.0,-1.0,-1.0,12.941,1.742,1803,3873352
534,search,2982.57,-1.0,-1.0,-1.0,-1.0,68.548,1.742,1807,3873352
535,insert,17.955,-1.0,-1.0,-1.0,-1.0,13.103,1.74945,1807,3893308
536,search,2981.21,-1.0,-1.0,-1.0,-1.0,62.268,1.74945,1814,3893308
537,insert,7.379,-1.0,-1.0,-1.0,-1.0,22.383,1.75355,1815,3901271
538,search,2971.89,-1.0,-1.0,-1.0,-1.0,54.606,1.75355,1823,3901271
539,insert,19.328,-1.0,-1.0,-1.0,-1.0,19.936,1.76154,1824,3925164
540,search,2950.68,-1.0,-1.0,-1.0,-1.0,20.101,1.76169,1825,3925164
541,insert,318.042,-1.0,-1.0,-1.0,-1.0,188.915,1.93219,1857,4320915
542,search,3135.45,-1.0,-1.0,-1.0,-1.0,36.054,1.93219,1861,4320915
543,insert,31.104,-1.0,-1.0,-1.0,-1.0,13.462,1.94706,1861,4360814
544,search,3121.53,-1.0,-1.0,-1.0,-1.0,13.913,1.94706,1861,4360814
545,insert,7.757,-1.0,-1.0,-1.0,-1.0,12.207,1.95022,1861,4370220
546,search,3170.62,-1.0,-1.0,-1.0,-1.0,13.801,1.95022,1861,4370220
547,insert,109.543,-1.0,-1.0,-1.0,-1.0,41.517,2.00816,1868,4510675
548,search,3204.47,-1.0,-1.0,-1.0,-1.0,17.817,2.00816,1869,4510675
549,insert,156.394,-1.0,-1.0,-1.0,-1.0,144.727,2.1117,1879,4744845
550,search,3352.62,-1.0,-1.0,-1.0,-1.0,48.312,2.11205,1884,4744845
551,insert,20.12,-1.0,-1.0,-1.0,-1.0,28.381,2.12418,1886,4771433
552,search,3340.07,-1.0,-1.0,-1.0,-1.0,25.449,2.12418,1887,4771433
553,insert,9.022,-1.0,-1.0,-1.0,-1.0,13.255,2.12916,1887,4782909
554,search,3335.54,-1.0,-1.0,-1.0,-1.0,20.021,2.12921,1888,4782909
555,insert,306.184,-1.0,-1.0,-1.0,-1.0,114.476,2.30188,1911,5180322
556,search,3455.91,-1.0,-1.0,-1.0,-1.0,23.898,2.30228,1912,5180322
557,insert,19.689,-1.0,-1.0,-1.0,-1.0,22.855,2.31295,1914,5203220
558,search,3469.77,-1.0,-1.0,-1.0,-1.0,14.607,2.31295,1914,5203220
559,insert,4.39,-1.0,-1.0,-1.0,-1.0,13.014,2.31511,1914,5210154
560,search,3462.99,-1.0,-1.0,-1.0,-1.0,14.464,2.31511,1914,5210154
561,insert,3.739,-1.0,-1.0,-1.0,-1.0,12.757,2.31665,1914,5215426
562,search,3519.24,-1.0,-1.0,-1.0,-1.0,14.498,2.31665,1914,5215426
563,insert,30.133,-1.0,-1.0,-1.0,-1.0,18.639,2.33201,1915,5252726
564,search,3537.68,-1.0,-1.0,-1.0,-1.0,14.581,2.33201,1915,5252726
565,insert,152.604,-1.0,-1.0,-1.0,-1.0,101.67,2.41641,1927,5447274
566,search,3618.86,-1.0,-1.0,-1.0,-1.0,30.046,2.41672,1929,5447274
567,insert,11.51,-1.0,-1.0,-1.0,-1.0,20.602,2.42334,1930,5463135
568,search,3631.17,-1.0,-1.0,-1.0,-1.0,20.73,2.42359,1931,5463135
569,insert,9.968,-1.0,-1.0,-1.0,-1.0,13.68,2.42949,1931,5478168
570,search,3615.02,-1.0,-1.0,-1.0,-1.0,14.629,2.42949,1931,5478168
571,insert,10.399,-1.0,-1.0,-1.0,-1.0,13.416,2.43617,1931,5492309
572,search,3620.69,-1.0,-1.0,-1.0,-1.0,22.528,2.43634,1932,5492309
573,insert,46.904,-1.0,-1.0,-1.0,-1.0,39.579,2.4625,1936,5554599
574,search,3639.9,-1.0,-1.0,-1.0,-1.0,26.739,2.46278,1937,5554599
575,insert,44.975,-1.0,-1.0,-1.0,-1.0,42.448,2.48538,1941,5604500
576,search,3673.52,-1.0,-1.0,-1.0,-1.0,24.3,2.48567,1942,5604500
577,insert,24.899,-1.0,-1.0,-1.0,-1.0,30.949,2.49933,1945,5638834
578,search,3687.6,-1.0,-1.0,-1.0,-1.0,15.364,2.49933,1945,5638834
579,insert,475.853,-1.0,-1.0,-1.0,-1.0,624.515,2.77208,2055,6229778
580,search,3973.82,-1.0,-1.0,-1.0,-1.0,63.034,2.77253,2063,6229778
581,insert,18.942,-1.0,-1.0,-1.0,-1.0,32.582,2.78478,2066,6261240
582,search,3968.2,-1.0,-1.0,-1.0,-1.0,16.116,2.78478,2066,6261240
583,insert,14.362,-1.0,-1.0,-1.0,-1.0,20.428,2.79299,2067,6283315
584,search,3973.68,-1.0,-1.0,-1.0,-1.0,24.661,2.79311,2068,6283315
585,insert,171.819,-1.0,-1.0,-1.0,-1.0,174.16,2.91558,2093,6556101
586,search,4142.35,-1.0,-1.0,-1.0,-1.0,57.693,2.91607,2101,6556101
587,insert,25.142,-1.0,-1.0,-1.0,-1.0,28.275,2.92975,2104,6587187
588,search,4147.31,-1.0,-1.0,-1.0,-1.0,48.321,2.93016,2109,6587187
589,insert,33.373,-1.0,-1.0,-1.0,-1.0,36.488,2.9495,2113,6631526
590,search,4182.73,-1.0,-1.0,-1.0,-1.0,22.222,2.9495,2114,6631526
591,insert,337.227,-1.0,-1.0,-1.0,-1.0,505.443,3.16397,2211,7108942
592,search,4430.96,-1.0,-1.0,-1.0,-1.0,74.228,3.16497,2223,7108942
593,insert,111.86,-1.0,-1.0,-1.0,-1.0,156.95,3.24707,2249,7303976
594,search,4418.46,-1.0,-1.0,-1.0,-1.0,54.053,3.24758,2255,7303976
595,insert,3.394,-1.0,-1.0,-1.0,-1.0,21.75,3.24926,2256,7309244
596,search,4444.01,-1.0,-1.0,-1.0,-1.0,25.234,3.24926,2257,7309244
597,insert,145.575,-1.0,-1.0,-1.0,-1.0,219.326,3.35653,2291,7542477
598,search,4639.03,-1.0,-1.0,-1.0,-1.0,95.331,3.35689,2301,7542477
599,insert,69.544,-1.0,-1.0,-1.0,-1.0,156.882,3.40088,2331,7654438
600,search,4683.89,-1.0,-1.0,-1.0,-1.0,65.353,3.40089,2336,7654438
601,insert,41.103,-1.0,-1.0,-1.0,-1.0,74.729,3.4279,2349,7717936
602,search,4693.15,-1.0,-1.0,-1.0,-1.0,38.355,3.4279,2352,7717936
603,insert,4.027,-1.0,-1.0,-1.0,-1.0,25.485,3.43054,2353,7723521
604,search,4678.03,-1.0,-1.0,-1.0,-1.0,24.634,3.43059,2354,7723521
605,insert,29.035,-1.0,-1.0,-1.0,-1.0,52.985,3.44933,2360,7767404
606,search,4764.25,-1.0,-1.0,-1.0,-1.0,27.647,3.44936,2362,7767404
607,insert,29.37,-1.0,-1.0,-1.0,-1.0,24.287,3.46899,2364,7826115
608,search,4788.8,-1.0,-1.0,-1.0,-1.0,18.527,3.469,2365,7826115
609,insert,127.296,-1.0,-1.0,-1.0,-1.0,255.843,3.55597,2402,8036351
610,search,4737.42,-1.0,-1.0,-1.0,-1.0,71.877,3.55725,2412,8036351
611,insert,14.374,-1.0,-1.0,-1.0,-1.0,31.26,3.56626,2416,8060364
612,search,4821.49,-1.0,-1.0,-1.0,-1.0,17.646,3.56628,2417,8060364
613,insert,131.028,-1.0,-1.0,-1.0,-1.0,221.105,3.6513,2454,8256083
614,search,4866.67,-1.0,-1.0,-1.0,-1.0,30.642,3.65173,2457,8256083
615,insert,242.518,-1.0,-1.0,-1.0,-1.0,412.785,3.82288,2521,8625707
616,search,5102.47,-1.0,-1.0,-1.0,-1.0,120.483,3.82514,2543,8625707
617,insert,200.025,-1.0,-1.0,-1.0,-1.0,388.789,3.97299,2603,8949227
618,search,5259.7,-1.0,-1.0,-1.0,-1.0,85.16,3.97362,2615,8949227
619,insert,140.263,-1.0,-1.0,-1.0,-1.0,310.316,4.07347,2665,9195551
620,search,5392.28,-1.0,-1.0,-1.0,-1.0,73.69,4.07449,2678,9195551
621,insert,22.414,-1.0,-1.0,-1.0,-1.0,68.272,4.08833,2690,9232372
622,search,5450.47,-1.0,-1.0,-1.0,-1.0,26.665,4.08848,2692,9232372
623,insert,12.246,-1.0,-1.0,-1.0,-1.0,26.53,4.09659,2695,9253561
624,search,5385.22,-1.0,-1.0,-1.0,-1.0,24.483,4.09676,2696,9253561
625,insert,43.258,-1.0,-1.0,-1.0,-1.0,102.886,4.13202,2712,9331230
626,search,5416.87,-1.0,-1.0,-1.0,-1.0,50.789,4.13271,2718,9331230
627,insert,30.537,-1.0,-1.0,-1.0,-1.0,50.458,4.14804,2726,9374063
628,search,5518.11,-1.0,-1.0,-1.0,-1.0,19.811,4.14805,2727,9374063
629,insert,11.523,-1.0,-1.0,-1.0,-1.0,30.75,4.15613,2730,9387598
630,search,5555.18,-1.0,-1.0,-1.0,-1.0,26.831,4.15628,2732,9387598
631,insert,26.035,-1.0,-1.0,-1.0,-1.0,34.204,4.16989,2736,9421724
632,search,5515.15,-1.0,-1.0,-1.0,-1.0,20.486,4.17011,2737,9421724
633,insert,33.185,-1.0,-1.0,-1.0,-1.0,51.936,4.18795,2745,9461430
634,search,5537.33,-1.0,-1.0,-1.0,-1.0,20.319,4.18807,2746,9461430
635,insert,15.265,-1.0,-1.0,-1.0,-1.0,33.147,4.19555,2750,9479469
636,search,5603.49,-1.0,-1.0,-1.0,-1.0,28.843,4.1961,2752,9479469
637,insert,338.029,-1.0,-1.0,-1.0,-1.0,651.019,4.38545,2870,9885997
638,search,5791.68,-1.0,-1.0,-1.0,-1.0,138.752,4.38873,2894,9885997
639,insert,256.788,-1.0,-1.0,-1.0,-1.0,551.537,4.56815,3004,10292043
640,search,5887.28,-1.0,-1.0,-1.0,-1.0,53.134,4.56962,3012,10292043
641,delete,124.336,-1.0,-1.0,-1.0,-1.0,155.155,4.52977,2997,10096584
642,search,6017.26,-1.0,-1.0,-1.0,-1.0,28.82,4.53015,2998,10096584
643,delete,11.123,-1.0,-1.0,-1.0,-1.0,15.301,4.53015,2998,10084840
644,search,5948.27,-1.0,-1.0,-1.0,-1.0,17.502,4.53015,2998,10084840
645,delete,17.095,-1.0,-1.0,-1.0,-1.0,15.241,4.53015,2998,10069802
646,search,6023.01,-1.0,-1.0,-1.0,-1.0,18.046,4.53015,2998,10069802
647,delete,75.238,-1.0,-1.0,-1.0,-1.0,103.74,4.50943,2988,9990953
648,search,5905.68,-1.0,-1.0,-1.0,-1.0,17.262,4.50943,2988,9990953
649,delete,29.937,-1.0,-1.0,-1.0,-1.0,13.632,4.50861,2988,9951625
650,search,5950.29,-1.0,-1.0,-1.0,-1.0,16.659,4.50861,2988,9951625
651,delete,19.485,-1.0,-1.0,-1.0,-1.0,15.423,4.50588,2988,9927065
652,search,5870.95,-1.0,-1.0,-1.0,-1.0,16.941,4.50588,2988,9927065
653,delete,78.213,-1.0,-1.0,-1.0,-1.0,116.975,4.47679,2974,9831098
654,search,5886.23,-1.0,-1.0,-1.0,-1.0,16.579,4.47679,2974,9831098
655,delete,280.008,-1.0,-1.0,-1.0,-1.0,334.756,4.37933,2930,9462172
656,search,5720.72,-1.0,-1.0,-1.0,-1.0,31.41,4.37983,2933,9462172
657,delete,169.432,-1.0,-1.0,-1.0,-1.0,184.844,4.31058,2880,9218902
658,search,5564.1,-1.0,-1.0,-1.0,-1.0,40.484,4.31137,2884,9218902
659,delete,82.703,-1.0,-1.0,-1.0,-1.0,124.093,4.28052,2868,9106546
660,search,5515.9,-1.0,-1.0,-1.0,-1.0,20.093,4.2807,2869,9106546
661,delete,30.855,-1.0,-1.0,-1.0,-1.0,25.794,4.27629,2868,9059776
662,search,5521.08,-1.0,-1.0,-1.0,-1.0,16.078,4.27629,2868,9059776
663,delete,55.375,-1.0,-1.0,-1.0,-1.0,62.594,4.25791,2861,8990616
664,search,5413.12,-1.0,-1.0,-1.0,-1.0,24.444,4.2582,2862,8990616
665,delete,42.305,-1.0,-1.0,-1.0,-1.0,33.92,4.24657,2860,8937437
666,search,5507.95,-1.0,-1.0,-1.0,-1.0,16.179,4.24657,2860,8937437
667,delete,137.406,-1.0,-1.0,-1.0,-1.0,199.19,4.17505,2838,8766390
668,search,5344.07,-1.0,-1.0,-1.0,-1.0,15.292,4.17505,2838,8766390
669,delete,156.216,-1.0,-1.0,-1.0,-1.0,264.501,4.0941,2808,8532008
670,search,5310.38,-1.0,-1.0,-1.0,-1.0,17.26,4.0941,2808,8532008
671,delete,52.111,-1.0,-1.0,-1.0,-1.0,31.708,4.08399,2805,8489178
672,search,5297.66,-1.0,-1.0,-1.0,-1.0,16.358,4.08399,2805,8489178
673,delete,56.902,-1.0,-1.0,-1.0,-1.0,75.295,4.06457,2796,8421866
674,search,5224.77,-1.0,-1.0,-1.0,-1.0,16.462,4.06457,2796,8421866
675,delete,112.926,-1.0,-1.0,-1.0,-1.0,47.464,4.03155,2791,8288319
676,search,5213.4,-1.0,-1.0,-1.0,-1.0,16.407,4.03155,2791,8288319
677,delete,152.846,-1.0,-1.0,-1.0,-1.0,164.269,3.93949,2774,8072197
678,search,5109.77,-1.0,-1.0,-1.0,-1.0,22.645,3.93975,2775,8072197
679,delete,24.852,-1.0,-1.0,-1.0,-1.0,29.601,3.92963,2774,8036947
680,search,5093.55,-1.0,-1.0,-1.0,-1.0,14.051,3.92963,2774,8036947
681,delete,7.565,-1.0,-1.0,-1.0,-1.0,13.284,3.92894,2774,8026197
682,search,5142.02,-1.0,-1.0,-1.0,-1.0,16.459,3.92894,2774,8026197
683,delete,247.228,-1.0,-1.0,-1.0,-1.0,86.977,3.831,2760,7744229
684,search,4920.87,-1.0,-1.0,-1.0,-1.0,22.426,3.83113,2761,7744229
685,delete,193.702,-1.0,-1.0,-1.0,-1.0,64.088,3.73934,2750,7541066
686,search,4811.5,-1.0,-1.0,-1.0,-1.0,28.592,3.73948,2752,7541066
687,delete,14.164,-1.0,-1.0,-1.0,-1.0,21.974,3.73437,2751,7522190
688,search,4891.99,-1.0,-1.0,-1.0,-1.0,15.931,3.73437,2751,7522190
689,delete,93.917,-1.0,-1.0,-1.0,-1.0,219.319,3.6725,2721,7409400
690,search,4839.91,-1.0,-1.0,-1.0,-1.0,26.319,3.67289,2723,7409400
691,delete,32.47,-1.0,-1.0,-1.0,-1.0,14.701,3.65877,2723,7375648
692,search,4785.93,-1.0,-1.0,-1.0,-1.0,13.623,3.65877,2723,7375648
693,delete,139.497,-1.0,-1.0,-1.0,-1.0,95.128,3.59016,2710,7222068
694,search,4734.67,-1.0,-1.0,-1.0,-1.0,14.987,3.59016,2710,7222068
695,delete,21.026,-1.0,-1.0,-1.0,-1.0,14.041,3.58009,2710,7196331
696,search,4729.1,-1.0,-1.0,-1.0,-1.0,15.005,3.58009,2710,7196331
697,delete,21.701,-1.0,-1.0,-1.0,-1.0,20.461,3.56968,2709,7170716
698,search,4740.25,-1.0,-1.0,-1.0,-1.0,15.166,3.56968,2709,7170716
699,delete,10.633,-1.0,-1.0,-1.0,-1.0,52.392,3.56057,2707,7155255
700,search,4734.48,-1.0,-1.0,-1.0,-1.0,14.735,3.56057,2707,7155255
701,delete,49.63,-1.0,-1.0,-1.0,-1.0,14.368,3.5378,2707,7097733
702,search,4689.98,-1.0,-1.0,-1.0,-1.0,15.028,3.5378,2707,7097733
703,delete,162.219,-1.0,-1.0,-1.0,-1.0,182.023,3.44611,2676,6924172
704,search,4610.96,-1.0,-1.0,-1.0,-1.0,20.555,3.44628,2677,6924172
705,delete,22.631,-1.0,-1.0,-1.0,-1.0,13.475,3.43737,2677,6896276
706,search,4630.86,-1.0,-1.0,-1.0,-1.0,15.228,3.43737,2677,6896276
707,delete,471.594,-1.0,-1.0,-1.0,-1.0,649.479,3.13857,2564,6385507
708,search,4342.21,-1.0,-1.0,-1.0,-1.0,27.696,3.13877,2565,6385507
709,delete,153.995,-1.0,-1.0,-1.0,-1.0,385.493,3.04308,2518,6207658
710,search,4206.71,-1.0,-1.0,-1.0,-1.0,29.422,3.04352,2520,6207658
711,delete,40.372,-1.0,-1.0,-1.0,-1.0,43.777,3.02675,2517,6162720
712,search,4203,-1.0,-1.0,-1.0,-1.0,13.82,3.02675,2517,6162720
713,delete,195.931,-1.0,-1.0,-1.0,-1.0,313.428,2.91293,2482,5927803
714,search,4124.5,-1.0,-1.0,-1.0,-1.0,30.42,2.91332,2483,5927803
715,delete,30.532,-1.0,-1.0,-1.0,-1.0,33.403,2.89727,2480,5895666
716,search,4113.93,-1.0,-1.0,-1.0,-1.0,13.045,2.89727,2480,5895666
717,delete,23.766,-1.0,-1.0,-1.0,-1.0,12.373,2.89091,2480,5868774
718,search,4145.62,-1.0,-1.0,-1.0,-1.0,13.835,2.89091,2480,5868774
719,delete,296.21,-1.0,-1.0,-1.0,-1.0,402.535,2.72206,2399,5533540
720,search,3934.73,-1.0,-1.0,-1.0,-1.0,19.585,2.72217,2400,5533540
721,delete,85.88,-1.0,-1.0,-1.0,-1.0,124.647,2.67524,2384,5418387
722,search,3896.94,-1.0,-1.0,-1.0,-1.0,22.6,2.67527,2385,5418387
723,delete,18.757,-1.0,-1.0,-1.0,-1.0,16.278,2.66796,2384,5398291
724,search,3882.48,-1.0,-1.0,-1.0,-1.0,12.614,2.66796,2384,5398291
725,delete,95.432,-1.0,-1.0,-1.0,-1.0,167.591,2.60731,2366,5273546
726,search,3851.36,-1.0,-1.0,-1.0,-1.0,19.985,2.60737,2367,5273546
727,delete,80.054,-1.0,-1.0,-1.0,-1.0,50.767,2.57023,2361,5180937
728,search,3804.59,-1.0,-1.0,-1.0,-1.0,13.524,2.57023,2361,5180937
729,delete,89.219,-1.0,-1.0,-1.0,-1.0,122.427,2.52013,2340,5079524
730,search,3737.01,-1.0,-1.0,-1.0,-1.0,25.448,2.52039,2341,5079524
731,delete,54.166,-1.0,-1.0,-1.0,-1.0,17.535,2.50078,2341,5019265
732,search,3724.15,-1.0,-1.0,-1.0,-1.0,28.511,2.50081,2342,5019265
733,delete,58.591,-1.0,-1.0,-1.0,-1.0,56.351,2.46966,2336,4955565
734,search,3708.68,-1.0,-1.0,-1.0,-1.0,18.158,2.46966,2336,4955565
735,delete,133.541,-1.0,-1.0,-1.0,-1.0,360.948,2.383,2296,4776948
736,search,3631.86,-1.0,-1.0,-1.0,-1.0,26.472,2.38323,2297,4776948
737,delete,98.905,-1.0,-1.0,-1.0,-1.0,67.209,2.33179,2290,4654026
738,search,3600.01,-1.0,-1.0,-1.0,-1.0,23.732,2.33179,2291,4654026
739,delete,54.006,-1.0,-1.0,-1.0,-1.0,78.119,2.29549,2283,4589888
740,search,3552.5,-1.0,-1.0,-1.0,-1.0,17.236,2.29549,2283,4589888
741,delete,131.367,-1.0,-1.0,-1.0,-1.0,117.654,2.21861,2267,4430862
742,search,3514.94,-1.0,-1.0,-1.0,-1.0,17.403,2.21861,2267,4430862
743,delete,153.739,-1.0,-1.0,-1.0,-1.0,284.712,2.11671,2232,4237049
744,search,3428.02,-1.0,-1.0,-1.0,-1.0,17.544,2.11671,2232,4237049
745,delete,202.907,-1.0,-1.0,-1.0,-1.0,361.333,1.98613,2180,4000195
746,search,3336.28,-1.0,-1.0,-1.0,-1.0,16.378,1.98613,2180,4000195
747,delete,146.532,-1.0,-1.0,-1.0,-1.0,169.309,1.89652,2149,3803954
748,search,3251.84,-1.0,-1.0,-1.0,-1.0,31.236,1.89656,2150,3803954
749,delete,78.3,-1.0,-1.0,-1.0,-1.0,52.723,1.86385,2142,3733214
750,search,3228.36,-1.0,-1.0,-1.0,-1.0,17.277,1.86385,2142,3733214
751,delete,25.57,-1.0,-1.0,-1.0,-1.0,28.846,1.85341,2139,3709324
752,search,3229.38,-1.0,-1.0,-1.0,-1.0,17.233,1.85341,2139,3709324
753,delete,59.03,-1.0,-1.0,-1.0,-1.0,96.732,1.82235,2126,3649123
754,search,3219.01,-1.0,-1.0,-1.0,-1.0,17.066,1.82235,2126,3649123
755,delete,29.871,-1.0,-1.0,-1.0,-1.0,14.633,1.81281,2126,3621475
756,search,3193.91,-1.0,-1.0,-1.0,-1.0,16.573,1.81281,2126,3621475
757,delete,32.248,-1.0,-1.0,-1.0,-1.0,34.529,1.79675,2122,3594479
758,search,3203.44,-1.0,-1.0,-1.0,-1.0,16.78,1.79675,2122,3594479
759,delete,25.312,-1.0,-1.0,-1.0,-1.0,25.451,1.78742,2120,3569055
760,search,3186.49,-1.0,-1.0,-1.0,-1.0,16.778,1.78742,2120,3569055
761,delete,40.318,-1.0,-1.0,-1.0,-1.0,20.451,1.77189,2119,3527896
762,search,3126.14,-1.0,-1.0,-1.0,-1.0,16.188,1.77189,2119,3527896
763,delete,22.453,-1.0,-1.0,-1.0,-1.0,26.563,1.76292,2117,3509970
764,search,3160.73,-1.0,-1.0,-1.0,-1.0,16.614,1.76292,2117,3509970
765,delete,309.778,-1.0,-1.0,-1.0,-1.0,317.165,1.57872,2024,3187549
766,search,2977.5,-1.0,-1.0,-1.0,-1.0,15.355,1.57872,2024,3187549
767,delete,330.403,-1.0,-1.0,-1.0,-1.0,456.703,1.37337,1903,2822906
768,search,2767.85,-1.0,-1.0,-1.0,-1.0,14.371,1.37337,1903,2822906
769,insert,7.341,-1.0,-1.0,-1.0,-1.0,12.716,1.37476,1903,2832899
770,search,2759.64,-1.0,-1.0,-1.0,-1.0,14.186,1.37476,1903,2832899
771,insert,27.787,-1.0,-1.0,-1.0,-1.0,19.589,1.38408,1904,2863523
772,search,2758,-1.0,-1.0,-1.0,-1.0,14.329,1.38408,1904,2863523
773,insert,40.632,-1.0,-1.0,-1.0,-1.0,13.924,1.39786,1904,2925169
774,search,2772.25,-1.0,-1.0,-1.0,-1.0,14.167,1.39786,1904,2925169
775,insert,32.929,-1.0,-1.0,-1.0,-1.0,24.025,1.40925,1905,2961356
776,search,2809.88,-1.0,-1.0,-1.0,-1.0,14.437,1.40925,1905,2961356
777,insert,24.67,-1.0,-1.0,-1.0,-1.0,13.102,1.41657,1905,2998678
778,search,2802.93,-1.0,-1.0,-1.0,-1.0,14.459,1.41657,1905,2998678
779,insert,11.176,-1.0,-1.0,-1.0,-1.0,12.565,1.41959,1905,3011024
780,search,2804.51,-1.0,-1.0,-1.0,-1.0,14.36,1.41959,1905,3011024
781,insert,4.955,-1.0,-1.0,-1.0,-1.0,12.462,1.42049,1905,3019515
782,search,2797.03,-1.0,-1.0,-1.0,-1.0,14.197,1.42049,1905,3019515
783,insert,37.875,-1.0,-1.0,-1.0,-1.0,13.467,1.43154,1905,3082298
784,search,2832.87,-1.0,-1.0,-1.0,-1.0,14.064,1.43154,1905,3082298
785,insert,33.313,-1.0,-1.0,-1.0,-1.0,40.725,1.44583,1908,3122090
786,search,2818.19,-1.0,-1.0,-1.0,-1.0,36.331,1.44583,1911,3122090
787,insert,17.105,-1.0,-1.0,-1.0,-1.0,13.783,1.45103,1911,3140294
788,search,2840.52,-1.0,-1.0,-1.0,-1.0,14.405,1.45103,1911,3140294
789,insert,5.169,-1.0,-1.0,-1.0,-1.0,12.701,1.4523,1911,3147819
790,search,2837.12,-1.0,-1.0,-1.0,-1.0,14.409,1.4523,1911,3147819
791,insert,22.431,-1.0,-1.0,-1.0,-1.0,13.133,1.46005,1911,3180668
792,search,2860.78,-1.0,-1.0,-1.0,-1.0,14.389,1.46005,1911,3180668
793,insert,4.059,-1.0,-1.0,-1.0,-1.0,12.404,1.46122,1911,3183235
794,search,2879.36,-1.0,-1.0,-1.0,-1.0,14.388,1.46122,1911,3183235
795,insert,45.856,-1.0,-1.0,-1.0,-1.0,23.218,1.47908,1912,3242089
796,search,2873.67,-1.0,-1.0,-1.0,-1.0,14.567,1.47908,1912,3242089
797,insert,3.95,-1.0,-1.0,-1.0,-1.0,12.846,1.47989,1912,3247192
798,search,2900.19,-1.0,-1.0,-1.0,-1.0,14.4,1.47989,1912,3247192
799,insert,5.295,-1.0,-1.0,-1.0,-1.0,12.784,1.48124,1912,3254626
800,search,2904.52,-1.0,-1.0,-1.0,-1.0,14.47,1.48124,1912,3254626
801,insert,14.833,-1.0,-1.0,-1.0,-1.0,12.748,1.48586,1912,3274953
802,search,2904.12,-1.0,-1.0,-1.0,-1.0,15.741,1.48586,1912,3274953
803,insert,736.635,-1.0,-1.0,-1.0,-1.0,500.742,1.81052,1978,4032688
804,search,3244.83,-1.0,-1.0,-1.0,-1.0,152.811,1.81064,2002,4032688
805,insert,14.074,-1.0,-1.0,-1.0,-1.0,14.496,1.81603,2002,4050220
806,search,3259.15,-1.0,-1.0,-1.0,-1.0,27.389,1.81603,2004,4050220
807,insert,14.245,-1.0,-1.0,-1.0,-1.0,14.506,1.82168,2004,4067940
808,search,3265.32,-1.0,-1.0,-1.0,-1.0,15.927,1.82168,2004,4067940
809,insert,28.751,-1.0,-1.0,-1.0,-1.0,23.068,1.83277,2005,4099369
810,search,3278.7,-1.0,-1.0,-1.0,-1.0,15.485,1.83277,2005,4099369
811,insert,29.022,-1.0,-1.0,-1.0,-1.0,13.877,1.84396,2005,4129509
812,search,3292.86,-1.0,-1.0,-1.0,-1.0,15.559,1.84396,2005,4129509
813,insert,47.156,-1.0,-1.0,-1.0,-1.0,14.932,1.86404,2005,4178669
814,search,3304.33,-1.0,-1.0,-1.0,-1.0,15.488,1.86404,2005,4178669
815,insert,2.313,-1.0,-1.0,-1.0,-1.0,13.755,1.86482,2005,4180960
816,search,3297.96,-1.0,-1.0,-1.0,-1.0,15.482,1.86482,2005,4180960
817,insert,71.695,-1.0,-1.0,-1.0,-1.0,73.243,1.89415,2013,4255359
818,search,3313.97,-1.0,-1.0,-1.0,-1.0,15.454,1.89415,2013,4255359
819,insert,19.295,-1.0,-1.0,-1.0,-1.0,13.929,1.90035,2013,4272706
820,search,3300.26,-1.0,-1.0,-1.0,-1.0,15.694,1.90035,2013,4272706
821,insert,14.281,-1.0,-1.0,-1.0,-1.0,23.035,1.90726,2014,4287851
822,search,3324.34,-1.0,-1.0,-1.0,-1.0,22.076,1.90729,2015,4287851
823,insert,29.444,-1.0,-1.0,-1.0,-1.0,15.065,1.92137,2015,4322788
824,search,3334.66,-1.0,-1.0,-1.0,-1.0,15.393,1.92137,2015,4322788
825,insert,70.094,-1.0,-1.0,-1.0,-1.0,21.356,1.95169,2016,4396408
826,search,3341.14,-1.0,-1.0,-1.0,-1.0,15.47,1.95169,2016,4396408
827,insert,17.47,-1.0,-1.0,-1.0,-1.0,14.3,1.95955,2016,4415721
828,search,3343.34,-1.0,-1.0,-1.0,-1.0,15.474,1.95955,2016,4415721
829,insert,385.982,-1.0,-1.0,-1.0,-1.0,143.465,2.13855,2036,4832079
830,search,3495.49,-1.0,-1.0,-1.0,-1.0,15.805,2.13855,2036,4832079
831,insert,31.484,-1.0,-1.0,-1.0,-1.0,22.39,2.1528,2037,4864525
832,search,3538.89,-1.0,-1.0,-1.0,-1.0,15.488,2.1528,2037,4864525
833,insert,11.253,-1.0,-1.0,-1.0,-1.0,24.174,2.15663,2039,4874443
834,search,3543.56,-1.0,-1.0,-1.0,-1.0,15.627,2.15663,2039,4874443
835,insert,52.528,-1.0,-1.0,-1.0,-1.0,15.479,2.18212,2039,4938267
836,search,3570.9,-1.0,-1.0,-1.0,-1.0,15.759,2.18212,2039,4938267
837,insert,24.011,-1.0,-1.0,-1.0,-1.0,22.086,2.1923,2040,4961147
838,search,3571.79,-1.0,-1.0,-1.0,-1.0,21.506,2.19239,2041,4961147
839,insert,62.471,-1.0,-1.0,-1.0,-1.0,45.599,2.22327,2046,5033740
840,search,3596.39,-1.0,-1.0,-1.0,-1.0,20.467,2.22335,2047,5033740
841,insert,35.289,-1.0,-1.0,-1.0,-1.0,28.626,2.2417,2049,5078736
842,search,3600.53,-1.0,-1.0,-1.0,-1.0,23.578,2.24178,2050,5078736
843,insert,361.049,-1.0,-1.0,-1.0,-1.0,191.729,2.41172,2075,5467376
844,search,3766.97,-1.0,-1.0,-1.0,-1.0,56.587,2.41195,2082,5467376
845,insert,278.896,-1.0,-1.0,-1.0,-1.0,225.736,2.56845,2119,5815547
846,search,3918.29,-1.0,-1.0,-1.0,-1.0,59.497,2.56884,2126,5815547
847,insert,5.395,-1.0,-1.0,-1.0,-1.0,16.385,2.57148,2126,5821782
848,search,3921.54,-1.0,-1.0,-1.0,-1.0,38.873,2.57158,2130,5821782
849,insert,2.493,-1.0,-1.0,-1.0,-1.0,16.209,2.57233,2130,5825594
850,search,3890.32,-1.0,-1.0,-1.0,-1.0,17.94,2.57233,2130,5825594
851,insert,8.501,-1.0,-1.0,-1.0,-1.0,22.053,2.57607,2131,5834880
852,search,3925.23,-1.0,-1.0,-1.0,-1.0,26.228,2.57614,2132,5834880
853,insert,24.906,-1.0,-1.0,-1.0,-1.0,38.625,2.58742,2135,5860274
854,search,3947.35,-1.0,-1.0,-1.0,-1.0,17.147,2.58742,2135,5860274
855,insert,6.576,-1.0,-1.0,-1.0,-1.0,15.572,2.5901,2135,5866064
856,search,3943.31,-1.0,-1.0,-1.0,-1.0,17.461,2.5901,2135,5866064
857,insert,13.692,-1.0,-1.0,-1.0,-1.0,33.249,2.59613,2138,5884456
858,search,3962.27,-1.0,-1.0,-1.0,-1.0,17.364,2.59613,2138,5884456
859,insert,26.927,-1.0,-1.0,-1.0,-1.0,36.18,2.60838,2140,5916786
860,search,3979.7,-1.0,-1.0,-1.0,-1.0,23.534,2.6086,2141,5916786
861,insert,9.33,-1.0,-1.0,-1.0,-1.0,16.291,2.61104,2141,5923467
862,search,3978.34,-1.0,-1.0,-1.0,-1.0,17.71,2.61104,2141,5923467
863,insert,61.168,-1.0,-1.0,-1.0,-1.0,92.296,2.64545,2155,5997844
864,search,3982.26,-1.0,-1.0,-1.0,-1.0,17.764,2.64545,2155,5997844
865,insert,10.42,-1.0,-1.0,-1.0,-1.0,23.241,2.64949,2156,6009561
866,search,3999.47,-1.0,-1.0,-1.0,-1.0,17.638,2.64949,2156,6009561
867,insert,45.412,-1.0,-1.0,-1.0,-1.0,46.745,2.67117,2161,6052876
868,search,4017.22,-1.0,-1.0,-1.0,-1.0,23.838,2.67117,2162,6052876
869,insert,8.101,-1.0,-1.0,-1.0,-1.0,16.1,2.67471,2162,6059234
870,search,4017.53,-1.0,-1.0,-1.0,-1.0,17.471,2.67471,2162,6059234
871,insert,34.635,-1.0,-1.0,-1.0,-1.0,53.859,2.69263,2166,6098225
872,search,4063.92,-1.0,-1.0,-1.0,-1.0,24.848,2.69275,2167,6098225
873,insert,34.627,-1.0,-1.0,-1.0,-1.0,40.176,2.71042,2170,6137308
874,search,4063.08,-1.0,-1.0,-1.0,-1.0,30.513,2.71081,2172,6137308
875,insert,15.802,-1.0,-1.0,-1.0,-1.0,16.466,2.71695,2172,6154089
876,search,4061.53,-1.0,-1.0,-1.0,-1.0,17.756,2.71695,2172,6154089
877,insert,2.655,-1.0,-1.0,-1.0,-1.0,15.987,2.71772,2172,6156061
878,search,4057.06,-1.0,-1.0,-1.0,-1.0,17.724,2.71772,2172,6156061
879,insert,251.467,-1.0,-1.0,-1.0,-1.0,260.633,2.84859,2210,6446004
880,search,4168.79,-1.0,-1.0,-1.0,-1.0,56.45,2.84927,2216,6446004
881,insert,414.907,-1.0,-1.0,-1.0,-1.0,301.357,3.08195,2267,6969764
882,search,4352.63,-1.0,-1.0,-1.0,-1.0,97.703,3.08313,2278,6969764
883,insert,329.906,-1.0,-1.0,-1.0,-1.0,317.612,3.28167,2335,7422501
884,search,4585.01,-1.0,-1.0,-1.0,-1.0,94.645,3.28267,2348,7422501
885,insert,7.337,-1.0,-1.0,-1.0,-1.0,29.984,3.28745,2350,7432053
886,search,4578.56,-1.0,-1.0,-1.0,-1.0,43.655,3.288,2354,7432053
887,insert,217.588,-1.0,-1.0,-1.0,-1.0,281.088,3.4449,2401,7789886
888,search,4729.92,-1.0,-1.0,-1.0,-1.0,71.877,3.44557,2410,7789886
889,insert,288.136,-1.0,-1.0,-1.0,-1.0,498.68,3.63516,2490,8210883
890,search,4955.14,-1.0,-1.0,-1.0,-1.0,96.843,3.63687,2505,8210883
891,insert,25.681,-1.0,-1.0,-1.0,-1.0,24.458,3.64619,2507,8240504
892,search,4960.08,-1.0,-1.0,-1.0,-1.0,14.239,3.64619,2507,8240504
893,insert,40.868,-1.0,-1.0,-1.0,-1.0,72.547,3.671,2517,8299693
894,search,4974.43,-1.0,-1.0,-1.0,-1.0,29.236,3.67115,2519,8299693
895,insert,40.153,-1.0,-1.0,-1.0,-1.0,56.928,3.68918,2527,8349126
896,search,5023.05,-1.0,-1.0,-1.0,-1.0,16.714,3.68918,2527,8349126
897,delete,54.34,-1.0,-1.0,-1.0,-1.0,85.592,3.66987,2513,8268842
898,search,4989.18,-1.0,-1.0,-1.0,-1.0,13.827,3.66987,2513,8268842
899,delete,12.25,-1.0,-1.0,-1.0,-1.0,11.878,3.66947,2513,8250527
900,search,4981.15,-1.0,-1.0,-1.0,-1.0,13.801,3.66947,2513,8250527
901,delete,43.273,-1.0,-1.0,-1.0,-1.0,50.14,3.66015,2507,8185565
902,search,4995.77,-1.0,-1.0,-1.0,-1.0,13.464,3.66015,2507,8185565
903,delete,38.985,-1.0,-1.0,-1.0,-1.0,82.11,3.63926,2494,8126915
904,search,4926.5,-1.0,-1.0,-1.0,-1.0,25.543,3.63944,2496,8126915
905,delete,17.916,-1.0,-1.0,-1.0,-1.0,12.118,3.63862,2496,8098533
906,search,4919.55,-1.0,-1.0,-1.0,-1.0,13.523,3.63862,2496,8098533
907,delete,18.018,-1.0,-1.0,-1.0,-1.0,25.461,3.63339,2495,8074833
908,search,4908.04,-1.0,-1.0,-1.0,-1.0,13.756,3.63339,2495,8074833
909,delete,25.992,-1.0,-1.0,-1.0,-1.0,12.167,3.63226,2495,8035274
910,search,4891.24,-1.0,-1.0,-1.0,-1.0,12.855,3.63226,2495,8035274
911,delete,51.186,-1.0,-1.0,-1.0,-1.0,22.604,3.62708,2494,7957223
912,search,4865.19,-1.0,-1.0,-1.0,-1.0,13.215,3.62708,2494,7957223
913,delete,27.29,-1.0,-1.0,-1.0,-1.0,39.004,3.61696,2489,7917554
914,search,4851.38,-1.0,-1.0,-1.0,-1.0,13.089,3.61696,2489,7917554
915,delete,46.602,-1.0,-1.0,-1.0,-1.0,64.025,3.60208,2481,7861503
916,search,4809.36,-1.0,-1.0,-1.0,-1.0,13.291,3.60208,2481,7861503
917,delete,11.003,-1.0,-1.0,-1.0,-1.0,11.69,3.60108,2481,7844487
918,search,4823.35,-1.0,-1.0,-1.0,-1.0,12.952,3.60108,2481,7844487
919,delete,17.727,-1.0,-1.0,-1.0,-1.0,11.733,3.60098,2481,7814993
920,search,4783.52,-1.0,-1.0,-1.0,-1.0,14.089,3.60098,2481,7814993
921,delete,30.15,-1.0,-1.0,-1.0,-1.0,25.403,3.59704,2480,7793855
922,search,4793.3,-1.0,-1.0,-1.0,-1.0,14.398,3.59704,2480,7793855
923,delete,52.886,-1.0,-1.0,-1.0,-1.0,29.664,3.58739,2478,7736054
924,search,4768.24,-1.0,-1.0,-1.0,-1.0,14.525,3.58739,2478,7736054
925,delete,125.92,-1.0,-1.0,-1.0,-1.0,83.846,3.54062,2458,7587942
926,search,4683.34,-1.0,-1.0,-1.0,-1.0,13.875,3.54062,2458,7587942
927,delete,16.695,-1.0,-1.0,-1.0,-1.0,19.134,3.53829,2457,7565670
928,search,4703.62,-1.0,-1.0,-1.0,-1.0,13.772,3.53829,2457,7565670
929,delete,32.47,-1.0,-1.0,-1.0,-1.0,12.091,3.53503,2457,7529948
930,search,4716.79,-1.0,-1.0,-1.0,-1.0,13.378,3.53503,2457,7529948
931,delete,372.588,-1.0,-1.0,-1.0,-1.0,567.389,3.36339,2375,7016700
932,search,4410.93,-1.0,-1.0,-1.0,-1.0,30.877,3.36376,2378,7016700
933,delete,24.322,-1.0,-1.0,-1.0,-1.0,25.577,3.35517,2376,6980979
934,search,4417.15,-1.0,-1.0,-1.0,-1.0,19.296,3.35538,2377,6980979
935,delete,16.531,-1.0,-1.0,-1.0,-1.0,57.367,3.3443,2372,6954250
936,search,4411.37,-1.0,-1.0,-1.0,-1.0,13.03,3.3443,2372,6954250
937,delete,24.572,-1.0,-1.0,-1.0,-1.0,17.911,3.33598,2371,6924596
938,search,4419.23,-1.0,-1.0,-1.0,-1.0,12.798,3.33598,2371,6924596
939,delete,113.835,-1.0,-1.0,-1.0,-1.0,19.43,3.30926,2370,6784831
940,search,4333.55,-1.0,-1.0,-1.0,-1.0,71.374,3.30987,2371,6784831
941,delete,30.136,-1.0,-1.0,-1.0,-1.0,12.717,3.30247,2371,6745819
942,search,4330.67,-1.0,-1.0,-1.0,-1.0,12.732,3.30247,2371,6745819
943,delete,3.926,-1.0,-1.0,-1.0,-1.0,11.058,3.30147,2371,6740944
944,search,4366.41,-1.0,-1.0,-1.0,-1.0,12.535,3.30147,2371,6740944
945,delete,93.736,-1.0,-1.0,-1.0,-1.0,199.539,3.24394,2346,6627202
946,search,4319.36,-1.0,-1.0,-1.0,-1.0,33.006,3.24433,2348,6627202
947,delete,18.854,-1.0,-1.0,-1.0,-1.0,19.916,3.23765,2348,6607194
948,search,4288.22,-1.0,-1.0,-1.0,-1.0,20.621,3.23765,2348,6607194
949,delete,42.681,-1.0,-1.0,-1.0,-1.0,48.196,3.21805,2343,6551065
950,search,4250.98,-1.0,-1.0,-1.0,-1.0,20.464,3.21805,2343,6551065
951,delete,26.793,-1.0,-1.0,-1.0,-1.0,69.606,3.19618,2333,6506798
952,search,4246.45,-1.0,-1.0,-1.0,-1.0,26.338,3.19622,2334,6506798
953,delete,32.995,-1.0,-1.0,-1.0,-1.0,19.77,3.18555,2334,6459301
954,search,4232.84,-1.0,-1.0,-1.0,-1.0,19.86,3.18555,2334,6459301
955,delete,16.576,-1.0,-1.0,-1.0,-1.0,33.979,3.17548,2331,6440069
956,search,4235.73,-1.0,-1.0,-1.0,-1.0,20.421,3.17548,2331,6440069
957,delete,268.669,-1.0,-1.0,-1.0,-1.0,221.029,3.03147,2292,6132470
958,search,4128.47,-1.0,-1.0,-1.0,-1.0,21.843,3.03147,2292,6132470
959,delete,56.414,-1.0,-1.0,-1.0,-1.0,34.343,3.01371,2289,6086241
960,search,4112.55,-1.0,-1.0,-1.0,-1.0,20.916,3.01371,2289,6086241
961,delete,26.894,-1.0,-1.0,-1.0,-1.0,18.674,3.00781,2289,6064734
962,search,4082.74,-1.0,-1.0,-1.0,-1.0,20.617,3.00781,2289,6064734
963,delete,113.33,-1.0,-1.0,-1.0,-1.0,48.603,2.96432,2285,5967543
964,search,4058.9,-1.0,-1.0,-1.0,-1.0,21.554,2.96432,2285,5967543
965,delete,67.179,-1.0,-1.0,-1.0,-1.0,55.613,2.93602,2276,5906381
966,search,4009.15,-1.0,-1.0,-1.0,-1.0,20.161,2.93602,2276,5906381
967,delete,47,-1.0,-1.0,-1.0,-1.0,40.206,2.91287,2274,5851849
968,search,3965.34,-1.0,-1.0,-1.0,-1.0,20.018,2.91287,2274,5851849
969,delete,56.338,-1.0,-1.0,-1.0,-1.0,47.274,2.88004,2268,5783023
970,search,3975.07,-1.0,-1.0,-1.0,-1.0,20.559,2.88004,2268,5783023
971,delete,259.243,-1.0,-1.0,-1.0,-1.0,217.078,2.74538,2234,5496517
972,search,3856.34,-1.0,-1.0,-1.0,-1.0,19.467,2.74538,2234,5496517
973,delete,226.259,-1.0,-1.0,-1.0,-1.0,181.513,2.61317,2200,5237981
974,search,3754.19,-1.0,-1.0,-1.0,-1.0,30.489,2.61359,2201,5237981
975,delete,132.689,-1.0,-1.0,-1.0,-1.0,199.342,2.53579,2150,5099794
976,search,3657.44,-1.0,-1.0,-1.0,-1.0,18.13,2.53579,2150,5099794
977,delete,52.254,-1.0,-1.0,-1.0,-1.0,78.576,2.50271,2140,5032210
978,search,3597.77,-1.0,-1.0,-1.0,-1.0,18.257,2.50271,2140,5032210
979,delete,11.77,-1.0,-1.0,-1.0,-1.0,16.311,2.4986,2140,5020211
980,search,3597.63,-1.0,-1.0,-1.0,-1.0,18.157,2.4986,2140,5020211
981,delete,101.316,-1.0,-1.0,-1.0,-1.0,121.87,2.44055,2120,4902291
982,search,3574.43,-1.0,-1.0,-1.0,-1.0,17.619,2.44055,2120,4902291
983,delete,31.714,-1.0,-1.0,-1.0,-1.0,16.322,2.42956,2120,4872577
984,search,3520.12,-1.0,-1.0,-1.0,-1.0,17.476,2.42956,2120,4872577
985,delete,34.577,-1.0,-1.0,-1.0,-1.0,16.548,2.41712,2120,4836730
986,search,3530.39,-1.0,-1.0,-1.0,-1.0,17.445,2.41712,2120,4836730
987,delete,39.239,-1.0,-1.0,-1.0,-1.0,16.788,2.40173,2120,4797164
988,search,3523.37,-1.0,-1.0,-1.0,-1.0,17.216,2.40173,2120,4797164
989,delete,12.688,-1.0,-1.0,-1.0,-1.0,15.714,2.39672,2120,4784789
990,search,3512.61,-1.0,-1.0,-1.0,-1.0,17.464,2.39672,2120,4784789
991,delete,61.333,-1.0,-1.0,-1.0,-1.0,137.212,2.36068,2113,4705420
992,search,3479.59,-1.0,-1.0,-1.0,-1.0,38.694,2.36111,2116,4705420
993,delete,72.683,-1.0,-1.0,-1.0,-1.0,75.269,2.32074,2107,4621807
994,search,3426.31,-1.0,-1.0,-1.0,-1.0,16.89,2.32074,2107,4621807
995,delete,60.223,-1.0,-1.0,-1.0,-1.0,57.913,2.28682,2100,4555849
996,search,3383.61,-1.0,-1.0,-1.0,-1.0,17.137,2.28682,2100,4555849
997,delete,24.865,-1.0,-1.0,-1.0,-1.0,27.743,2.27883,2099,4526975
998,search,3369.92,-1.0,-1.0,-1.0,-1.0,17.163,2.27883,2099,4526975
999,delete,97.553,-1.0,-1.0,-1.0,-1.0,119.046,2.21803,2079,4408448
1000,search,3337.43,-1.0,-1.0,-1.0,-1.0,24.001,2.21824,2080,4408448
1001,delete,97.947,-1.0,-1.0,-1.0,-1.0,100.412,2.16241,2071,4303257
1002,search,3308.61,-1.0,-1.0,-1.0,-1.0,16.534,2.16241,2071,4303257
1003,delete,35.279,-1.0,-1.0,-1.0,-1.0,37.221,2.14267,2066,4259551
1004,search,3302.25,-1.0,-1.0,-1.0,-1.0,18.01,2.14267,2066,4259551
1005,delete,28.544,-1.0,-1.0,-1.0,-1.0,15.353,2.13484,2066,4241434
1006,search,3311.45,-1.0,-1.0,-1.0,-1.0,17.801,2.13484,2066,4241434
1007,delete,182.116,-1.0,-1.0,-1.0,-1.0,242.601,2.02889,2030,4052722
1008,search,3194.32,-1.0,-1.0,-1.0,-1.0,16.656,2.02889,2030,4052722
1009,delete,277.105,-1.0,-1.0,-1.0,-1.0,256.008,1.86127,1977,3738432
1010,search,3108.32,-1.0,-1.0,-1.0,-1.0,16.132,1.86127,1977,3738432
1011,delete,333.503,-1.0,-1.0,-1.0,-1.0,337.499,1.67368,1909,3372539
1012,search,2908.62,-1.0,-1.0,-1.0,-1.0,30.483,1.6741,1911,3372539
1013,delete,10.365,-1.0,-1.0,-1.0,-1.0,22.676,1.67003,1908,3361432
1014,search,2890.78,-1.0,-1.0,-1.0,-1.0,15.703,1.67003,1908,3361432
1015,delete,215.704,-1.0,-1.0,-1.0,-1.0,274.977,1.53089,1849,3091692
1016,search,2787.27,-1.0,-1.0,-1.0,-1.0,14.74,1.53089,1849,3091692
1017,delete,263.402,-1.0,-1.0,-1.0,-1.0,316.146,1.36839,1786,2775418
1018,search,2667.98,-1.0,-1.0,-1.0,-1.0,13.975,1.36839,1786,2775418
1019,delete,18.369,-1.0,-1.0,-1.0,-1.0,23.121,1.36161,1784,2754073
1020,search,2657.13,-1.0,-1.0,-1.0,-1.0,13.978,1.36161,1784,2754073
1021,delete,99.942,-1.0,-1.0,-1.0,-1.0,63.944,1.32029,1772,2638917
1022,search,2588.93,-1.0,-1.0,-1.0,-1.0,14.016,1.32029,1772,2638917
1023,delete,77.689,-1.0,-1.0,-1.0,-1.0,63.857,1.27759,1757,2556494
1024,search,2544.89,-1.0,-1.0,-1.0,-1.0,13.691,1.27759,1757,2556494
1025,insert,24.256,-1.0,-1.0,-1.0,-1.0,13.079,1.28391,1757,2594934
1026,search,2559.97,-1.0,-1.0,-1.0,-1.0,13.665,1.28391,1757,2594934
1027,insert,164.284,-1.0,-1.0,-1.0,-1.0,73.742,1.34641,1763,2802105
1028,search,2667,-1.0,-1.0,-1.0,-1.0,46.404,1.34641,1767,2802105
1029,insert,316.617,-1.0,-1.0,-1.0,-1.0,135.059,1.48286,1782,3203975
1030,search,2801.09,-1.0,-1.0,-1.0,-1.0,80.573,1.48314,1792,3203975
1031,insert,488.418,-1.0,-1.0,-1.0,-1.0,295.779,1.73736,1816,3830566
1032,search,3054.76,-1.0,-1.0,-1.0,-1.0,219.237,1.7374,1832,3830566
1033,insert,361.841,-1.0,-1.0,-1.0,-1.0,192.924,1.91549,1862,4252669
1034,search,3168.26,-1.0,-1.0,-1.0,-1.0,158.765,1.91581,1879,4252669
1035,insert,200.085,-1.0,-1.0,-1.0,-1.0,219.497,2.02898,1910,4512107
1036,search,3249.86,-1.0,-1.0,-1.0,-1.0,111.507,2.02911,1921,4512107
1037,insert,10.06,-1.0,-1.0,-1.0,-1.0,15.174,2.03309,1921,4525815
1038,search,3276.04,-1.0,-1.0,-1.0,-1.0,63.792,2.03309,1927,4525815
1039,insert,61.095,-1.0,-1.0,-1.0,-1.0,20.598,2.06378,1928,4599215
1040,search,3269.32,-1.0,-1.0,-1.0,-1.0,24.904,2.06378,1929,4599215
1041,insert,8.694,-1.0,-1.0,-1.0,-1.0,24.941,2.0689,1931,4609851
1042,search,3317.33,-1.0,-1.0,-1.0,-1.0,30.998,2.06891,1933,4609851
1043,insert,12.876,-1.0,-1.0,-1.0,-1.0,14.542,2.07427,1933,4627411
1044,search,3308.72,-1.0,-1.0,-1.0,-1.0,15.658,2.07427,1933,4627411
1045,insert,30.762,-1.0,-1.0,-1.0,-1.0,14.782,2.0881,1933,4670607
1046,search,3333.84,-1.0,-1.0,-1.0,-1.0,15.787,2.0881,1933,4670607
1047,insert,4.199,-1.0,-1.0,-1.0,-1.0,14.125,2.08948,1933,4675386
1048,search,3337.16,-1.0,-1.0,-1.0,-1.0,15.687,2.08948,1933,4675386
1049,insert,12.827,-1.0,-1.0,-1.0,-1.0,21.172,2.09667,1934,4689998
1050,search,3344.12,-1.0,-1.0,-1.0,-1.0,15.514,2.09667,1934,4689998
1051,insert,84.884,-1.0,-1.0,-1.0,-1.0,30.143,2.13925,1936,4783971
1052,search,3378.78,-1.0,-1.0,-1.0,-1.0,15.918,2.13925,1936,4783971
1053,insert,37.651,-1.0,-1.0,-1.0,-1.0,51.936,2.1552,1941,4826219
1054,search,3395.83,-1.0,-1.0,-1.0,-1.0,15.92,2.1552,1941,4826219
1055,insert,32.255,-1.0,-1.0,-1.0,-1.0,23.004,2.16716,1942,4862355
1056,search,3406.04,-1.0,-1.0,-1.0,-1.0,15.751,2.16716,1942,4862355
1057,insert,6.316,-1.0,-1.0,-1.0,-1.0,14.279,2.1693,1942,4869564
1058,search,3417.97,-1.0,-1.0,-1.0,-1.0,16.269,2.1693,1942,4869564
1059,insert,22.409,-1.0,-1.0,-1.0,-1.0,14.633,2.178,1942,4898570
1060,search,3426.67,-1.0,-1.0,-1.0,-1.0,16.246,2.178,1942,4898570
1061,insert,9.061,-1.0,-1.0,-1.0,-1.0,14.369,2.18172,1942,4907501
1062,search,3448.35,-1.0,-1.0,-1.0,-1.0,16.3,2.18172,1942,4907501
1063,insert,6.513,-1.0,-1.0,-1.0,-1.0,23.057,2.18486,1943,4916386
1064,search,3436.82,-1.0,-1.0,-1.0,-1.0,16.309,2.18486,1943,4916386
1065,insert,242.251,-1.0,-1.0,-1.0,-1.0,246.518,2.3081,1975,5194839
1066,search,3541.35,-1.0,-1.0,-1.0,-1.0,51.719,2.30848,1980,5194839
1067,insert,5.253,-1.0,-1.0,-1.0,-1.0,15.723,2.31046,1980,5200182
1068,search,3545.49,-1.0,-1.0,-1.0,-1.0,16.871,2.31046,1980,5200182
1069,insert,31.158,-1.0,-1.0,-1.0,-1.0,18.136,2.32362,1981,5230883
1070,search,3548.81,-1.0,-1.0,-1.0,-1.0,18.361,2.32362,1981,5230883
1071,insert,22.407,-1.0,-1.0,-1.0,-1.0,29.521,2.33429,1983,5255659
1072,search,3561.56,-1.0,-1.0,-1.0,-1.0,15.87,2.33429,1983,5255659
1073,insert,28.592,-1.0,-1.0,-1.0,-1.0,35.794,2.3465,1986,5281693
1074,search,3553.37,-1.0,-1.0,-1.0,-1.0,15.897,2.3465,1986,5281693
1075,insert,9.203,-1.0,-1.0,-1.0,-1.0,14.308,2.34925,1986,5290081
1076,search,3577.94,-1.0,-1.0,-1.0,-1.0,16.034,2.34925,1986,5290081
1077,insert,25.41,-1.0,-1.0,-1.0,-1.0,14.624,2.3593,1986,5316166
1078,search,3563.77,-1.0,-1.0,-1.0,-1.0,16.123,2.3593,1986,5316166
1079,insert,20.262,-1.0,-1.0,-1.0,-1.0,23.153,2.36712,1988,5335531
1080,search,3607.09,-1.0,-1.0,-1.0,-1.0,16.149,2.36712,1988,5335531
1081,insert,309.569,-1.0,-1.0,-1.0,-1.0,154.791,2.51222,2007,5678781
1082,search,3719.57,-1.0,-1.0,-1.0,-1.0,65.543,2.51282,2013,5678781
1083,insert,0.752,-1.0,-1.0,-1.0,-1.0,15.909,2.51296,2013,5679848
1084,search,3713.86,-1.0,-1.0,-1.0,-1.0,30.341,2.51296,2015,5679848
1085,insert,22.225,-1.0,-1.0,-1.0,-1.0,34.215,2.52357,2019,5702205
1086,search,3723.43,-1.0,-1.0,-1.0,-1.0,16.423,2.52357,2019,5702205
1087,insert,13.901,-1.0,-1.0,-1.0,-1.0,26.36,2.5294,2021,5715514
1088,search,3751.79,-1.0,-1.0,-1.0,-1.0,16.456,2.5294,2021,5715514
1089,insert,342.18,-1.0,-1.0,-1.0,-1.0,279.305,2.70256,2075,6103499
1090,search,3925.18,-1.0,-1.0,-1.0,-1.0,39.957,2.70316,2079,6103499
1091,insert,38.646,-1.0,-1.0,-1.0,-1.0,43.807,2.72632,2086,6152505
1092,search,3922.3,-1.0,-1.0,-1.0,-1.0,21.741,2.72641,2087,6152505
1093,insert,13.249,-1.0,-1.0,-1.0,-1.0,26.781,2.73407,2089,6171104
1094,search,3938.37,-1.0,-1.0,-1.0,-1.0,17.327,2.73407,2089,6171104
1095,insert,273.956,-1.0,-1.0,-1.0,-1.0,348.398,2.90646,2144,6557850
1096,search,4157.27,-1.0,-1.0,-1.0,-1.0,91.524,2.9065,2159,6557850
1097,insert,15.198,-1.0,-1.0,-1.0,-1.0,18.135,2.91552,2159,6579289
1098,search,4156.07,-1.0,-1.0,-1.0,-1.0,20.662,2.91552,2159,6579289
1099,insert,10.807,-1.0,-1.0,-1.0,-1.0,17.967,2.9208,2159,6591442
1100,search,4147.98,-1.0,-1.0,-1.0,-1.0,34.27,2.92117,2161,6591442
1101,insert,30.376,-1.0,-1.0,-1.0,-1.0,46.122,2.93832,2166,6633739
1102,search,4172.95,-1.0,-1.0,-1.0,-1.0,47.11,2.93886,2169,6633739
1103,insert,73.701,-1.0,-1.0,-1.0,-1.0,101.663,2.98088,2187,6724357
1104,search,4222.64,-1.0,-1.0,-1.0,-1.0,33.104,2.98095,2190,6724357
1105,insert,1.885,-1.0,-1.0,-1.0,-1.0,25.257,2.98188,2191,6727059
1106,search,4237.6,-1.0,-1.0,-1.0,-1.0,19.547,2.98188,2191,6727059
1107,insert,168.696,-1.0,-1.0,-1.0,-1.0,181.969,3.0767,2214,6950869
1108,search,4348.06,-1.0,-1.0,-1.0,-1.0,48.508,3.07793,2218,6950869
1109,insert,5.019,-1.0,-1.0,-1.0,-1.0,25.102,3.08113,2219,6958173
1110,search,4354.77,-1.0,-1.0,-1.0,-1.0,19.775,3.08113,2219,6958173
1111,insert,40.06,-1.0,-1.0,-1.0,-1.0,41.543,3.09709,2224,6995273
1112,search,4359.35,-1.0,-1.0,-1.0,-1.0,18.348,3.09709,2224,6995273
1113,insert,40.607,-1.0,-1.0,-1.0,-1.0,81.859,3.1203,2236,7047862
1114,search,4367.77,-1.0,-1.0,-1.0,-1.0,19.52,3.1203,2236,7047862
1115,insert,52.365,-1.0,-1.0,-1.0,-1.0,64.424,3.15047,2245,7110727
1116,search,4403.92,-1.0,-1.0,-1.0,-1.0,34.932,3.15087,2247,7110727
1117,insert,13.609,-1.0,-1.0,-1.0,-1.0,25.364,3.15789,2248,7125591
1118,search,4417.1,-1.0,-1.0,-1.0,-1.0,19.62,3.15789,2248,7125591
1119,insert,6.412,-1.0,-1.0,-1.0,-1.0,23.022,3.1606,2249,7134442
1120,search,4418.74,-1.0,-1.0,-1.0,-1.0,19.07,3.1606,2249,7134442
1121,insert,25.944,-1.0,-1.0,-1.0,-1.0,39.688,3.17245,2252,7162109
1122,search,4435.58,-1.0,-1.0,-1.0,-1.0,19.138,3.17245,2252,7162109
1123,insert,15.439,-1.0,-1.0,-1.0,-1.0,46.499,3.17919,2257,7179509
1124,search,4448.59,-1.0,-1.0,-1.0,-1.0,19.41,3.17919,2257,7179509
1125,insert,6.475,-1.0,-1.0,-1.0,-1.0,35.354,3.18278,2259,7186372
1126,search,4418.67,-1.0,-1.0,-1.0,-1.0,19.508,3.18278,2259,7186372
1127,insert,31.978,-1.0,-1.0,-1.0,-1.0,47.127,3.20096,2264,7231450
1128,search,4436.28,-1.0,-1.0,-1.0,-1.0,24.006,3.20106,2265,7231450
1129,insert,8.947,-1.0,-1.0,-1.0,-1.0,22.598,3.20514,2266,7243215
1130,search,4418.65,-1.0,-1.0,-1.0,-1.0,19.51,3.20514,2266,7243215
1131,insert,30.431,-1.0,-1.0,-1.0,-1.0,50.219,3.2193,2270,7276107
1132,search,4509.72,-1.0,-1.0,-1.0,-1.0,33.661,3.21953,2272,7276107
1133,insert,11.423,-1.0,-1.0,-1.0,-1.0,36.534,3.22445,2276,7292577
1134,search,4505.35,-1.0,-1.0,-1.0,-1.0,21.572,3.22445,2276,7292577
1135,insert,7.718,-1.0,-1.0,-1.0,-1.0,26.536,3.22757,2277,7299867
1136,search,4487.89,-1.0,-1.0,-1.0,-1.0,20.785,3.22757,2277,7299867
1137,insert,25.986,-1.0,-1.0,-1.0,-1.0,26.812,3.23948,2278,7323342
1138,search,4495.65,-1.0,-1.0,-1.0,-1.0,21.289,3.23948,2278,7323342
1139,insert,3.293,-1.0,-1.0,-1.0,-1.0,18.499,3.24115,2278,7325844
1140,search,4477.02,-1.0,-1.0,-1.0,-1.0,20.832,3.24115,2278,7325844
1141,insert,203.12,-1.0,-1.0,-1.0,-1.0,238.708,3.33584,2309,7540761
1142,search,4625.04,-1.0,-1.0,-1.0,-1.0,106.429,3.33736,2325,7540761
1143,insert,16.621,-1.0,-1.0,-1.0,-1.0,33.945,3.34502,2328,7561926
1144,search,4624.92,-1.0,-1.0,-1.0,-1.0,33.659,3.34516,2330,7561926
1145,insert,9.998,-1.0,-1.0,-1.0,-1.0,34.084,3.3514,2332,7571861
1146,search,4618.59,-1.0,-1.0,-1.0,-1.0,20.459,3.3514,2332,7571861
1147,insert,18.524,-1.0,-1.0,-1.0,-1.0,37.566,3.35984,2335,7590881
1148,search,4628.68,-1.0,-1.0,-1.0,-1.0,20.614,3.35984,2335,7590881
1149,insert,6.876,-1.0,-1.0,-1.0,-1.0,36.354,3.36316,2338,7595507
1150,search,4626.14,-1.0,-1.0,-1.0,-1.0,19.783,3.36316,2338,7595507
1151,insert,5.569,-1.0,-1.0,-1.0,-1.0,24.519,3.36604,2339,7601664
1152,search,4650.81,-1.0,-1.0,-1.0,-1.0,20.516,3.36604,2339,7601664
1153,delete,21.749,-1.0,-1.0,-1.0,-1.0,19.336,3.36592,2339,7566707
1154,search,4655.94,-1.0,-1.0,-1.0,-1.0,26.968,3.3662,2340,7566707
1155,delete,109.228,-1.0,-1.0,-1.0,-1.0,124.225,3.33158,2328,7396192
1156,search,4579.35,-1.0,-1.0,-1.0,-1.0,25.542,3.33161,2329,7396192
1157,delete,220.83,-1.0,-1.0,-1.0,-1.0,269.421,3.25667,2285,7079041
1158,search,4406.15,-1.0,-1.0,-1.0,-1.0,31.422,3.25696,2287,7079041
1159,delete,322.134,-1.0,-1.0,-1.0,-1.0,386.976,3.08627,2207,6597115
1160,search,4214.2,-1.0,-1.0,-1.0,-1.0,40.336,3.08714,2210,6597115
1161,delete,193.043,-1.0,-1.0,-1.0,-1.0,168.425,2.99789,2179,6308902
1162,search,4102.39,-1.0,-1.0,-1.0,-1.0,45.345,2.99849,2183,6308902
1163,delete,87.126,-1.0,-1.0,-1.0,-1.0,143.403,2.9441,2164,6164514
1164,search,4048.69,-1.0,-1.0,-1.0,-1.0,18.428,2.9441,2164,6164514
1165,delete,30.316,-1.0,-1.0,-1.0,-1.0,34.502,2.93712,2162,6133412
1166,search,4031.4,-1.0,-1.0,-1.0,-1.0,18.251,2.93712,2162,6133412
1167,delete,53.048,-1.0,-1.0,-1.0,-1.0,18.145,2.92794,2162,6057218
1168,search,4010.29,-1.0,-1.0,-1.0,-1.0,18.017,2.92794,2162,6057218
1169,delete,17.178,-1.0,-1.0,-1.0,-1.0,63.375,2.914,2153,6028053
1170,search,3984.79,-1.0,-1.0,-1.0,-1.0,20.121,2.914,2153,6028053
1171,delete,30.828,-1.0,-1.0,-1.0,-1.0,17.314,2.90886,2153,6001880
1172,search,3994.51,-1.0,-1.0,-1.0,-1.0,35.878,2.90904,2154,6001880
1173,delete,38.68,-1.0,-1.0,-1.0,-1.0,28.453,2.89821,2152,5957180
1174,search,3977.56,-1.0,-1.0,-1.0,-1.0,19.192,2.89821,2152,5957180
1175,delete,18.652,-1.0,-1.0,-1.0,-1.0,16.804,2.89533,2152,5939326
1176,search,3967.79,-1.0,-1.0,-1.0,-1.0,18.757,2.89533,2152,5939326
1177,delete,14.312,-1.0,-1.0,-1.0,-1.0,38.737,2.8882,2150,5924145
1178,search,3959.46,-1.0,-1.0,-1.0,-1.0,18.533,2.8882,2150,5924145
1179,delete,57.727,-1.0,-1.0,-1.0,-1.0,69.829,2.86292,2141,5863334
1180,search,3933.78,-1.0,-1.0,-1.0,-1.0,18.593,2.86292,2141,5863334
1181,delete,40.985,-1.0,-1.0,-1.0,-1.0,18.509,2.8509,2140,5822703
1182,search,3914.16,-1.0,-1.0,-1.0,-1.0,18.824,2.8509,2140,5822703
1183,delete,37.206,-1.0,-1.0,-1.0,-1.0,31.597,2.84032,2138,5775807
1184,search,3894.3,-1.0,-1.0,-1.0,-1.0,18.524,2.84032,2138,5775807
1185,delete,24.606,-1.0,-1.0,-1.0,-1.0,16.228,2.83442,2138,5750627
1186,search,3889.06,-1.0,-1.0,-1.0,-1.0,18.596,2.83442,2138,5750627
1187,delete,136.731,-1.0,-1.0,-1.0,-1.0,120.802,2.78281,2122,5601207
1188,search,3819.52,-1.0,-1.0,-1.0,-1.0,17.826,2.78281,2122,5601207
1189,delete,13.763,-1.0,-1.0,-1.0,-1.0,23.318,2.78016,2121,5586425
1190,search,3800.19,-1.0,-1.0,-1.0,-1.0,17.885,2.78016,2121,5586425
1191,delete,11.82,-1.0,-1.0,-1.0,-1.0,16.395,2.7775,2121,5574023
1192,search,3797.52,-1.0,-1.0,-1.0,-1.0,17.616,2.7775,2121,5574023
1193,delete,182.738,-1.0,-1.0,-1.0,-1.0,180.278,2.67898,2099,5356157
1194,search,3720.32,-1.0,-1.0,-1.0,-1.0,17.315,2.67898,2099,5356157
1195,delete,15.6,-1.0,-1.0,-1.0,-1.0,15.607,2.67511,2099,5340404
1196,search,3709.55,-1.0,-1.0,-1.0,-1.0,17.549,2.67511,2099,5340404
1197,delete,47.874,-1.0,-1.0,-1.0,-1.0,16.469,2.65454,2099,5293259
1198,search,3695.3,-1.0,-1.0,-1.0,-1.0,17.603,2.65454,2099,5293259
1199,delete,10.609,-1.0,-1.0,-1.0,-1.0,15.822,2.65038,2099,5279787
1200,search,3685.54,-1.0,-1.0,-1.0,-1.0,17.129,2.65038,2099,5279787
1201,delete,58.635,-1.0,-1.0,-1.0,-1.0,35.241,2.62174,2096,5216567
1202,search,3672.99,-1.0,-1.0,-1.0,-1.0,17.322,2.62174,2096,5216567
1203,delete,19.701,-1.0,-1.0,-1.0,-1.0,15.418,2.61555,2096,5196947
1204,search,3647.3,-1.0,-1.0,-1.0,-1.0,17.187,2.61555,2096,5196947
1205,delete,23.253,-1.0,-1.0,-1.0,-1.0,32.809,2.60219,2094,5168447
1206,search,3655.98,-1.0,-1.0,-1.0,-1.0,17.389,2.60219,2094,5168447
1207,delete,18.295,-1.0,-1.0,-1.0,-1.0,37.741,2.59118,2091,5146927
1208,search,3643.07,-1.0,-1.0,-1.0,-1.0,16.896,2.59118,2091,5146927
1209,delete,215.407,-1.0,-1.0,-1.0,-1.0,213.528,2.45995,2057,4887612
1210,search,3544.02,-1.0,-1.0,-1.0,-1.0,16.389,2.45995,2057,4887612
1211,delete,7.185,-1.0,-1.0,-1.0,-1.0,14.998,2.45882,2057,4882301
1212,search,3520.1,-1.0,-1.0,-1.0,-1.0,16.66,2.45882,2057,4882301
1213,delete,100.927,-1.0,-1.0,-1.0,-1.0,63.868,2.41015,2050,4780915
1214,search,3497.43,-1.0,-1.0,-1.0,-1.0,22.322,2.4103,2051,4780915
1215,delete,12.879,-1.0,-1.0,-1.0,-1.0,15.496,2.40503,2051,4765751
1216,search,3496.5,-1.0,-1.0,-1.0,-1.0,18.593,2.40503,2051,4765751
1217,delete,315.641,-1.0,-1.0,-1.0,-1.0,175.292,2.24924,2009,4452306
1218,search,3347.99,-1.0,-1.0,-1.0,-1.0,16.69,2.24924,2009,4452306
1219,delete,91.26,-1.0,-1.0,-1.0,-1.0,109.276,2.19599,1988,4362045
1220,search,3297.39,-1.0,-1.0,-1.0,-1.0,22.595,2.19619,1989,4362045
1221,delete,35.976,-1.0,-1.0,-1.0,-1.0,18.362,2.18109,1987,4326917
1222,search,3300.6,-1.0,-1.0,-1.0,-1.0,16.671,2.18109,1987,4326917
1223,delete,195.278,-1.0,-1.0,-1.0,-1.0,181.716,2.06626,1949,4109781
1224,search,3184.78,-1.0,-1.0,-1.0,-1.0,15.91,2.06626,1949,4109781
1225,delete,30.747,-1.0,-1.0,-1.0,-1.0,20.406,2.05133,1947,4075879
1226,search,3184.73,-1.0,-1.0,-1.0,-1.0,16.039,2.05133,1947,4075879
1227,delete,67.69,-1.0,-1.0,-1.0,-1.0,61.668,2.01878,1939,4006503
1228,search,3164.25,-1.0,-1.0,-1.0,-1.0,16.088,2.01878,1939,4006503
1229,delete,84.219,-1.0,-1.0,-1.0,-1.0,63.244,1.9773,1932,3922625
1230,search,3088.49,-1.0,-1.0,-1.0,-1.0,25.433,1.97747,1933,3922625
1231,delete,74.742,-1.0,-1.0,-1.0,-1.0,117.956,1.92966,1902,3844860
1232,search,3065.21,-1.0,-1.0,-1.0,-1.0,15.64,1.92966,1902,3844860
1233,delete,14.49,-1.0,-1.0,-1.0,-1.0,16.067,1.92406,1901,3831414
1234,search,3064.19,-1.0,-1.0,-1.0,-1.0,15.097,1.92406,1901,3831414
1235,delete,129.644,-1.0,-1.0,-1.0,-1.0,95.767,1.85289,1888,3684234
1236,search,3005.56,-1.0,-1.0,-1.0,-1.0,14.994,1.85289,1888,3684234
1237,delete,14.282,-1.0,-1.0,-1.0,-1.0,28.324,1.84496,1886,3669074
1238,search,2997.69,-1.0,-1.0,-1.0,-1.0,15.248,1.84496,1886,3669074
1239,delete,49.939,-1.0,-1.0,-1.0,-1.0,14.975,1.82546,1886,3620984
1240,search,2965.83,-1.0,-1.0,-1.0,-1.0,15.171,1.82546,1886,3620984
1241,delete,36.557,-1.0,-1.0,-1.0,-1.0,14.228,1.81003,1886,3580113
1242,search,2974.87,-1.0,-1.0,-1.0,-1.0,15.06,1.81003,1886,3580113
1243,delete,44.861,-1.0,-1.0,-1.0,-1.0,21.438,1.78671,1884,3533909
1244,search,2962.76,-1.0,-1.0,-1.0,-1.0,15.22,1.78671,1884,3533909
1245,delete,14.323,-1.0,-1.0,-1.0,-1.0,13.523,1.78114,1884,3519590
1246,search,2972.72,-1.0,-1.0,-1.0,-1.0,15.034,1.78114,1884,3519590
1247,delete,51.658,-1.0,-1.0,-1.0,-1.0,73.2,1.7424,1859,3452537
1248,search,2887.78,-1.0,-1.0,-1.0,-1.0,20.57,1.74251,1860,3452537
1249,delete,30.881,-1.0,-1.0,-1.0,-1.0,26.128,1.72742,1858,3416711
1250,search,2894.84,-1.0,-1.0,-1.0,-1.0,15.165,1.72742,1858,3416711
1251,delete,28.64,-1.0,-1.0,-1.0,-1.0,25.136,1.71167,1855,3387653
1252,search,2883.91,-1.0,-1.0,-1.0,-1.0,14.833,1.71167,1855,3387653
1253,delete,15.4,-1.0,-1.0,-1.0,-1.0,24.615,1.70221,1852,3372157
1254,search,2881.78,-1.0,-1.0,-1.0,-1.0,14.998,1.70221,1852,3372157
1255,delete,88.457,-1.0,-1.0,-1.0,-1.0,94.758,1.6406,1820,3258215
1256,search,2808.56,-1.0,-1.0,-1.0,-1.0,14.583,1.6406,1820,3258215
1257,delete,31.328,-1.0,-1.0,-1.0,-1.0,22.694,1.62331,1816,3223657
1258,search,2804.01,-1.0,-1.0,-1.0,-1.0,14.463,1.62331,1816,3223657
1259,delete,41.746,-1.0,-1.0,-1.0,-1.0,36.191,1.59989,1812,3174982
1260,search,2784.41,-1.0,-1.0,-1.0,-1.0,14.297,1.59989,1812,3174982
1261,delete,19.12,-1.0,-1.0,-1.0,-1.0,16.33,1.59425,1811,3157038
1262,search,2785.41,-1.0,-1.0,-1.0,-1.0,14.584,1.59425,1811,3157038
1263,delete,88.272,-1.0,-1.0,-1.0,-1.0,86.091,1.53981,1799,3058847
1264,search,2739.79,-1.0,-1.0,-1.0,-1.0,14.46,1.53981,1799,3058847
1265,delete,210.687,-1.0,-1.0,-1.0,-1.0,217.952,1.40858,1715,2833531
1266,search,2618.36,-1.0,-1.0,-1.0,-1.0,13.593,1.40858,1715,2833531
1267,delete,56.445,-1.0,-1.0,-1.0,-1.0,42.216,1.38481,1710,2763793
1268,search,2585.29,-1.0,-1.0,-1.0,-1.0,25.943,1.38504,1711,2763793
1269,delete,137.857,-1.0,-1.0,-1.0,-1.0,127.213,1.31658,1686,2627384
1270,search,2541.92,-1.0,-1.0,-1.0,-1.0,22.194,1.31668,1687,2627384
1271,delete,72.076,-1.0,-1.0,-1.0,-1.0,61.256,1.28315,1679,2553476
1272,search,2493.15,-1.0,-1.0,-1.0,-1.0,13.681,1.28315,1679,2553476
1273,delete,100.724,-1.0,-1.0,-1.0,-1.0,88.624,1.22821,1657,2443067
1274,search,2442.47,-1.0,-1.0,-1.0,-1.0,13.613,1.22821,1657,2443067
1275,delete,24.681,-1.0,-1.0,-1.0,-1.0,22.354,1.21897,1655,2421654
1276,search,2441.77,-1.0,-1.0,-1.0,-1.0,13.509,1.21897,1655,2421654
1277,delete,33.139,-1.0,-1.0,-1.0,-1.0,28.164,1.20626,1650,2391396
1278,search,2428.91,-1.0,-1.0,-1.0,-1.0,13.746,1.20626,1650,2391396
1279,delete,28.119,-1.0,-1.0,-1.0,-1.0,11.755,1.19801,1650,2367854
1280,search,2429.23,-1.0,-1.0,-1.0,-1.0,12.971,1.19801,1650,2367854
