num_search_workers,step_num,step_type,search_latency_ms,worker_partition_size,worker_scan_throughput,recall_mean,recall_std_dev,gt_scan_mean,gt_scan_dev,mainteance_ms,index_mem_gb,num_partitions,num_vectors
1,2,search,3041.02,37.5515,2.35049,0.8551,0.130106,-1.0,-1.0,6.569,0.0184881,1000,38806
1,3,insert,12.216,-1.0,-1.0,-1.0,-1.0,13.346,0.022655,996,49334
1,4,search,3219.15,63.4255,1.99793,0.86686,0.128427,-1.0,-1.0,17.589,0.0226615,993,49334
1,5,insert,18.915,-1.0,-1.0,-1.0,-1.0,161.53,0.033017,984,73557
1,6,search,4124.28,173.596,1.72628,0.92515,0.103785,-1.0,-1.0,121.338,0.0331618,986,73557
1,7,insert,22.396,-1.0,-1.0,-1.0,-1.0,121.051,0.0426658,987,95766
1,8,search,4544.66,220.032,1.52979,0.92462,0.103689,-1.0,-1.0,89.651,0.0428151,991,95766
1,9,insert,4.503,-1.0,-1.0,-1.0,-1.0,74.201,0.0445618,991,100025
1,10,search,4570.37,226.619,1.59938,0.92565,0.101549,-1.0,-1.0,80.666,0.0446017,994,100025
1,11,insert,8.797,-1.0,-1.0,-1.0,-1.0,78.762,0.0498511,995,111417
1,12,search,4870.43,261.637,1.48005,0.92608,0.101825,-1.0,-1.0,22.111,0.0498866,996,111417
1,13,insert,25.643,-1.0,-1.0,-1.0,-1.0,7.968,0.0611449,997,137139
1,14,search,5269.66,299.297,1.29259,0.92196,0.104759,-1.0,-1.0,15.705,0.0611514,999,137139
1,15,insert,15.116,-1.0,-1.0,-1.0,-1.0,6.531,0.0699051,999,156710
1,16,search,5533.3,330.607,1.22835,0.92003,0.105131,-1.0,-1.0,21.036,0.06991,1003,156710
1,17,insert,5.158,-1.0,-1.0,-1.0,-1.0,8.72,0.0717831,1004,161773
1,18,search,5637.13,338.418,1.16719,0.92029,0.105277,-1.0,-1.0,6.641,0.0717831,1004,161773
1,19,insert,30.59,-1.0,-1.0,-1.0,-1.0,10.387,0.0787456,1006,177161
1,20,search,5925.42,373.957,1.17113,0.92341,0.102841,-1.0,-1.0,9.065,0.0787456,1006,177161
1,21,insert,332.691,-1.0,-1.0,-1.0,-1.0,162.922,0.200847,1051,448898
1,22,search,9672.62,768.462,0.974077,0.91039,0.107984,-1.0,-1.0,39.3,0.200845,1061,448898
1,23,insert,385.399,-1.0,-1.0,-1.0,-1.0,251.556,0.328422,1116,733493
1,24,search,12577.6,1064.04,0.900795,0.90613,0.110085,-1.0,-1.0,72.28,0.328846,1129,733493
1,25,insert,39.546,-1.0,-1.0,-1.0,-1.0,22.684,0.345771,1133,777443
1,26,search,9218.54,1068.79,1.36891,0.9063,0.110352,-1.0,-1.0,24.831,0.345966,1137,777443
1,27,insert,26.449,-1.0,-1.0,-1.0,-1.0,20.158,0.357754,1140,805394
1,28,search,9415.66,1079.21,1.27462,0.90756,0.109157,-1.0,-1.0,9.438,0.357754,1140,805394
1,29,insert,53.934,-1.0,-1.0,-1.0,-1.0,59.476,0.385616,1153,866391
1,30,search,9687.31,1130.84,1.26147,0.90884,0.109052,-1.0,-1.0,37.249,0.385713,1157,866391
1,31,insert,499.712,-1.0,-1.0,-1.0,-1.0,316.025,0.554314,1222,1239816
1,32,search,11999.8,1403.7,1.23337,0.9035,0.113402,-1.0,-1.0,40.458,0.554578,1229,1239816
1,33,insert,45.495,-1.0,-1.0,-1.0,-1.0,26.435,0.575056,1233,1291211
1,34,search,12195.2,1430.14,1.33286,0.9036,0.113131,-1.0,-1.0,21.768,0.575285,1235,1291211
1,35,insert,42.954,-1.0,-1.0,-1.0,-1.0,31.873,0.586476,1241,1324978
1,36,search,12528.4,1457.45,1.20186,0.90569,0.111542,-1.0,-1.0,9.11,0.586476,1241,1324978
1,37,insert,42.945,-1.0,-1.0,-1.0,-1.0,39.799,0.606427,1248,1371885
1,38,search,12661.1,1480.18,1.19221,0.90461,0.112684,-1.0,-1.0,17.839,0.606427,1249,1371885
1,39,insert,9.151,-1.0,-1.0,-1.0,-1.0,12.12,0.608926,1250,1379335
1,40,search,12711.8,1482.08,1.23777,0.90496,0.112945,-1.0,-1.0,18.692,0.608925,1251,1379335
1,41,insert,53.392,-1.0,-1.0,-1.0,-1.0,31.297,0.624188,1256,1413312
1,42,search,12893,1502.65,1.33865,0.90518,0.112837,-1.0,-1.0,12.926,0.624188,1257,1413312
1,43,insert,10.728,-1.0,-1.0,-1.0,-1.0,9.036,0.627895,1257,1423411
1,44,search,13007.2,1513.1,1.30939,0.90522,0.112906,-1.0,-1.0,10.922,0.627895,1257,1423411
1,45,insert,212.004,-1.0,-1.0,-1.0,-1.0,34.05,0.644498,1265,1457559
1,46,search,13126.9,1526.57,1.20765,0.90558,0.111887,-1.0,-1.0,9.265,0.644498,1265,1457559
1,47,insert,270.324,-1.0,-1.0,-1.0,-1.0,257.348,0.749159,1302,1688593
1,48,search,14267,1647.21,1.16508,0.90715,0.111944,-1.0,-1.0,87.88,0.74928,1312,1688593
1,49,insert,41.69,-1.0,-1.0,-1.0,-1.0,32.611,0.764772,1316,1723505
1,50,search,14421.7,1652.59,1.25374,0.90783,0.111678,-1.0,-1.0,36.094,0.764799,1320,1723505
1,51,insert,340.488,-1.0,-1.0,-1.0,-1.0,267.538,0.904316,1368,2035040
1,52,search,16192,1816.7,1.1727,0.91084,0.110713,-1.0,-1.0,37.51,0.904316,1373,2035040
1,53,insert,40.587,-1.0,-1.0,-1.0,-1.0,27.702,0.92232,1377,2078341
1,54,search,16424.8,1835.53,1.05095,0.91104,0.110612,-1.0,-1.0,21.08,0.92246,1378,2078341
1,55,insert,376.04,-1.0,-1.0,-1.0,-1.0,343.893,1.06819,1428,2399905
1,56,search,18190.4,2005.34,1.13022,0.91146,0.113147,-1.0,-1.0,110.494,1.06853,1446,2399905
1,57,insert,24.763,-1.0,-1.0,-1.0,-1.0,10.311,1.0757,1446,2419836
1,58,search,18239.1,1975.18,1.18929,0.91027,0.114083,-1.0,-1.0,38.572,1.07571,1449,2419836
1,59,insert,223.012,-1.0,-1.0,-1.0,-1.0,153.288,1.17443,1467,2643083
1,60,search,18895.6,2046.33,1.1691,0.90396,0.121349,-1.0,-1.0,48.185,1.17467,1473,2643083
1,61,insert,11.389,-1.0,-1.0,-1.0,-1.0,18.057,1.17897,1475,2653064
1,62,search,18868.6,2034.29,1.09455,0.90343,0.122239,-1.0,-1.0,33.74,1.17897,1477,2653064
1,63,insert,3.327,-1.0,-1.0,-1.0,-1.0,10.78,1.18007,1477,2656118
1,64,search,18872.5,2035.01,1.11813,0.90337,0.122128,-1.0,-1.0,10.967,1.18007,1477,2656118
1,65,insert,74.924,-1.0,-1.0,-1.0,-1.0,104.973,1.2077,1498,2723424
1,66,search,19248.3,2046.74,1.09577,0.90431,0.120908,-1.0,-1.0,13.283,1.2077,1498,2723424
1,67,insert,47.134,-1.0,-1.0,-1.0,-1.0,85.911,1.22905,1510,2769021
1,68,search,19692.9,2069.1,1.04242,0.90574,0.119845,-1.0,-1.0,29.403,1.22908,1513,2769021
1,69,insert,74.313,-1.0,-1.0,-1.0,-1.0,86.767,1.25251,1526,2821777
1,70,search,19884.3,2076.75,1.16115,0.90762,0.118339,-1.0,-1.0,24.1,1.25252,1528,2821777
1,71,insert,16.359,-1.0,-1.0,-1.0,-1.0,11.324,1.25746,1528,2834921
1,72,search,20108.4,2086.32,1.16793,0.90859,0.11757,-1.0,-1.0,11.825,1.25746,1528,2834921
1,73,insert,11.288,-1.0,-1.0,-1.0,-1.0,18.508,1.26103,1529,2842044
1,74,search,20038.5,2089.51,1.22707,0.90865,0.117458,-1.0,-1.0,11.755,1.26103,1529,2842044
1,75,insert,21.897,-1.0,-1.0,-1.0,-1.0,22.823,1.26745,1531,2858890
1,76,search,20081.6,2099.23,1.16853,0.90883,0.117172,-1.0,-1.0,11.751,1.26745,1531,2858890
1,77,insert,32.323,-1.0,-1.0,-1.0,-1.0,17.737,1.27654,1532,2882818
1,78,search,20165.7,2109.99,1.15245,0.90837,0.117274,-1.0,-1.0,11.78,1.27654,1532,2882818
1,79,insert,496.959,-1.0,-1.0,-1.0,-1.0,15.973,1.306,1533,2947806
1,80,search,20489,2147.08,1.14943,0.90817,0.117139,-1.0,-1.0,13.549,1.306,1533,2947806
1,81,insert,45.492,-1.0,-1.0,-1.0,-1.0,19.005,1.31888,1534,2976895
1,82,search,20712.6,2161.9,1.08715,0.90956,0.115938,-1.0,-1.0,20.492,1.31888,1535,2976895
1,83,insert,23.294,-1.0,-1.0,-1.0,-1.0,42.008,1.32482,1539,2990682
1,84,search,20862.9,2161.48,1.06221,0.90964,0.115826,-1.0,-1.0,11.871,1.32482,1539,2990682
1,85,insert,40.832,-1.0,-1.0,-1.0,-1.0,59.913,1.33944,1548,3025613
1,86,search,20941.7,2163.01,1.11224,0.9107,0.114971,-1.0,-1.0,26.67,1.3396,1550,3025613
1,87,insert,589.157,-1.0,-1.0,-1.0,-1.0,694.865,1.54209,1653,3468632
1,88,search,23208.7,2295.57,1.16528,0.91363,0.11126,-1.0,-1.0,105.548,1.54266,1668,3468632
1,89,insert,384.214,-1.0,-1.0,-1.0,-1.0,467.021,1.7034,1743,3831692
1,90,search,25344.1,2383.57,1.05045,0.9182,0.106233,-1.0,-1.0,113.544,1.70406,1754,3831692
1,91,insert,33.999,-1.0,-1.0,-1.0,-1.0,45.218,1.71379,1759,3864067
1,92,search,25686.5,2375.4,1.0641,0.91838,0.10623,-1.0,-1.0,18.872,1.71379,1759,3864067
1,93,insert,301.532,-1.0,-1.0,-1.0,-1.0,281.691,1.81925,1800,4103827
1,94,search,27210.3,2434.02,1.06267,0.9187,0.105629,-1.0,-1.0,55.701,1.81954,1806,4103827
1,95,insert,18.538,-1.0,-1.0,-1.0,-1.0,67.53,1.82616,1816,4119898
1,96,search,26839.5,2411.5,1.13688,0.91844,0.10598,-1.0,-1.0,20.941,1.82616,1816,4119898
1,97,insert,13.85,-1.0,-1.0,-1.0,-1.0,25.361,1.82956,1817,4129367
1,98,search,26775.9,2414.53,1.12283,0.91849,0.105796,-1.0,-1.0,24.067,1.82956,1817,4129367
1,99,insert,13.378,-1.0,-1.0,-1.0,-1.0,31.307,1.83169,1818,4134502
1,100,search,26830.4,2416.9,1.12109,0.91857,0.105814,-1.0,-1.0,23.206,1.83169,1818,4134502
1,101,insert,58.333,-1.0,-1.0,-1.0,-1.0,85.61,1.84323,1826,4164482
1,102,search,27088.1,2419.71,1.09843,0.91865,0.105877,-1.0,-1.0,22.016,1.84323,1826,4164482
1,103,insert,23.192,-1.0,-1.0,-1.0,-1.0,54.56,1.84952,1831,4178601
1,104,search,27049,2421.94,1.17848,0.91888,0.105524,-1.0,-1.0,21.449,1.84952,1831,4178601
1,105,insert,12.052,-1.0,-1.0,-1.0,-1.0,37.175,1.85301,1833,4187774
1,106,search,27022.3,2423.68,1.13577,0.91875,0.105755,-1.0,-1.0,25.738,1.85301,1833,4187774
1,107,insert,36.091,-1.0,-1.0,-1.0,-1.0,32.634,1.85861,1834,4200109
1,108,search,27399,2427.01,1.16731,0.91902,0.105516,-1.0,-1.0,41.12,1.85888,1836,4200109
1,109,insert,532.018,-1.0,-1.0,-1.0,-1.0,567.056,2.01715,1916,4557867
1,110,search,29073.2,2500.08,1.02343,0.92089,0.104333,-1.0,-1.0,114.965,2.01799,1929,4557867
1,111,insert,32.011,-1.0,-1.0,-1.0,-1.0,55.554,2.02985,1935,4587252
1,112,search,29103.3,2488.06,1.16266,0.92124,0.104354,-1.0,-1.0,38.985,2.03016,1936,4587252
1,113,insert,16.645,-1.0,-1.0,-1.0,-1.0,33.021,2.03619,1937,4600056
1,114,search,29182.7,2493.22,1.12484,0.92124,0.104306,-1.0,-1.0,30.348,2.03619,1937,4600056
1,115,insert,55.663,-1.0,-1.0,-1.0,-1.0,91.788,2.04608,1945,4627422
1,116,search,29414.3,2497.54,1.09819,0.92178,0.103821,-1.0,-1.0,38.11,2.04616,1946,4627422
1,117,insert,16.611,-1.0,-1.0,-1.0,-1.0,61.986,2.0508,1951,4639292
1,118,search,29601.1,2493.74,1.11525,0.92188,0.103609,-1.0,-1.0,27.882,2.0508,1951,4639292
1,119,insert,6.609,-1.0,-1.0,-1.0,-1.0,26.508,2.05212,1951,4643423
1,120,search,29514.8,2495.48,1.08879,0.92191,0.103644,-1.0,-1.0,29.764,2.05212,1951,4643423
1,121,insert,25.536,-1.0,-1.0,-1.0,-1.0,47.392,2.05838,1953,4657252
1,122,search,29667.7,2499.6,1.12896,0.92212,0.103439,-1.0,-1.0,41.421,2.05851,1954,4657252
1,123,insert,441.318,-1.0,-1.0,-1.0,-1.0,394.679,2.1853,2001,4938477
1,124,search,31092.7,2552.94,1.09875,0.9227,0.104324,-1.0,-1.0,150.875,2.18609,2017,4938477
1,125,insert,66.458,-1.0,-1.0,-1.0,-1.0,88.746,2.20322,2027,4980492
1,126,search,30867.6,2529.58,1.15167,0.92297,0.104232,-1.0,-1.0,79.895,2.20375,2033,4980492
1,127,insert,61.024,-1.0,-1.0,-1.0,-1.0,127.246,2.22506,2050,5030515
1,128,search,31279.9,2527,1.02765,0.92343,0.103974,-1.0,-1.0,34.822,2.22506,2050,5030515
1,129,delete,47.274,-1.0,-1.0,-1.0,-1.0,56.363,2.22344,2021,5009391
1,130,search,30939.4,2527.96,1.08557,0.9225,0.104636,-1.0,-1.0,33.142,2.22344,2021,5009391
1,131,delete,10.986,-1.0,-1.0,-1.0,-1.0,31.055,2.22344,2021,5004093
1,132,search,30961.6,2525.17,1.06026,0.92251,0.104598,-1.0,-1.0,32.226,2.22344,2021,5004093
1,133,delete,17.161,-1.0,-1.0,-1.0,-1.0,30.524,2.22344,2021,4991787
1,134,search,30542.5,2515.05,1.10369,0.92255,0.104611,-1.0,-1.0,34.636,2.22344,2021,4991787
1,135,delete,40.929,-1.0,-1.0,-1.0,-1.0,57.954,2.22061,2018,4974857
1,136,search,30610.8,2507.9,1.12306,0.92213,0.104712,-1.0,-1.0,33.452,2.22061,2018,4974857
1,137,delete,8.038,-1.0,-1.0,-1.0,-1.0,31.016,2.22061,2018,4971386
1,138,search,30676.7,2506.68,1.08796,0.9221,0.104825,-1.0,-1.0,32.099,2.22061,2018,4971386
1,139,delete,12.664,-1.0,-1.0,-1.0,-1.0,30.713,2.22061,2018,4963487
1,140,search,30628.7,2500.68,1.09972,0.92203,0.104831,-1.0,-1.0,34.227,2.22061,2018,4963487
1,141,delete,49.162,-1.0,-1.0,-1.0,-1.0,104.43,2.21454,2010,4941830
1,142,search,30669.6,2496.64,1.09216,0.92204,0.104832,-1.0,-1.0,33.196,2.21454,2010,4941830
1,143,delete,27.193,-1.0,-1.0,-1.0,-1.0,57.255,2.2117,2007,4925657
1,144,search,30398.4,2490.26,1.12346,0.92212,0.104698,-1.0,-1.0,32.262,2.2117,2007,4925657
1,145,delete,3.933,-1.0,-1.0,-1.0,-1.0,41.687,2.21131,2006,4922686
1,146,search,30044.9,2490.88,1.12654,0.92143,0.105387,-1.0,-1.0,33.459,2.21131,2006,4922686
1,147,delete,23.872,-1.0,-1.0,-1.0,-1.0,30.86,2.21131,2006,4913636
1,148,search,29974.5,2485.2,1.12118,0.9213,0.105497,-1.0,-1.0,33.342,2.21131,2006,4913636
1,149,delete,271.29,-1.0,-1.0,-1.0,-1.0,1172.09,2.13327,1914,4717250
1,150,search,28869.3,2493.96,1.0694,0.92059,0.106552,-1.0,-1.0,129.75,2.13493,1927,4717250
1,151,delete,163.281,-1.0,-1.0,-1.0,-1.0,954.39,2.06358,1846,4560269
2,2,search,2622.87,37.5515,2.68484,0.8551,0.130106,-1.0,-1.0,6.887,0.0184881,1000,38806
2,3,insert,9.276,-1.0,-1.0,-1.0,-1.0,13.925,0.022655,996,49334
2,4,search,2735.03,63.4255,1.7385,0.86686,0.128427,-1.0,-1.0,12.3,0.0226615,993,49334
2,5,insert,20.579,-1.0,-1.0,-1.0,-1.0,162.297,0.0329603,983,73557
2,6,search,2854.5,173.821,1.70125,0.92559,0.103361,-1.0,-1.0,124.129,0.0331112,985,73557
2,7,insert,25.151,-1.0,-1.0,-1.0,-1.0,123.007,0.0427474,986,95766
2,8,search,2971.72,219.876,1.4926,0.92461,0.104001,-1.0,-1.0,88.291,0.0428988,990,95766
2,9,insert,3.502,-1.0,-1.0,-1.0,-1.0,74.374,0.0446421,990,100025
2,10,search,3008.89,226.697,1.44461,0.92644,0.101101,-1.0,-1.0,82.823,0.0446707,993,100025
2,11,insert,10.034,-1.0,-1.0,-1.0,-1.0,81.162,0.0497634,995,111417
2,12,search,3132.37,262.143,1.3789,0.92604,0.10176,-1.0,-1.0,16.724,0.0498139,996,111417
2,13,insert,28.447,-1.0,-1.0,-1.0,-1.0,9.872,0.0610221,996,137139
2,14,search,3239.37,298.935,1.17255,0.92257,0.104007,-1.0,-1.0,21.857,0.0611274,999,137139
2,15,insert,21.913,-1.0,-1.0,-1.0,-1.0,9.669,0.0699557,1000,156710
2,16,search,3204.3,330.019,1.27262,0.92096,0.104291,-1.0,-1.0,19.105,0.069963,1004,156710
2,17,insert,6.122,-1.0,-1.0,-1.0,-1.0,8.861,0.0721458,1005,161773
2,18,search,3179.88,339.902,1.41786,0.92005,0.105323,-1.0,-1.0,13.175,0.0722572,1007,161773
2,19,insert,34.962,-1.0,-1.0,-1.0,-1.0,12.462,0.0789908,1009,177161
2,20,search,3473.31,372.582,1.12162,0.92394,0.102681,-1.0,-1.0,9.612,0.0789912,1010,177161
2,21,insert,261.815,-1.0,-1.0,-1.0,-1.0,116.736,0.202448,1069,448898
2,22,search,4376.49,737.114,1.09947,0.90854,0.108821,-1.0,-1.0,57.076,0.202448,1082,448898
2,23,insert,235.101,-1.0,-1.0,-1.0,-1.0,208.2,0.329637,1147,733493
2,24,search,5781.84,1002.24,0.824772,0.90335,0.112134,-1.0,-1.0,105.092,0.330475,1175,733493
2,25,insert,34.492,-1.0,-1.0,-1.0,-1.0,24.483,0.346577,1180,777443
2,26,search,5566.65,969.016,0.956156,0.90152,0.113747,-1.0,-1.0,19.396,0.34669,1185,777443
2,27,insert,20.974,-1.0,-1.0,-1.0,-1.0,16.754,0.357375,1189,805394
2,28,search,5593.76,972.996,0.911176,0.90191,0.113691,-1.0,-1.0,16.712,0.357599,1191,805394
2,29,insert,61.353,-1.0,-1.0,-1.0,-1.0,67.285,0.384967,1206,866391
2,30,search,5399.15,1018.22,0.93607,0.9037,0.113636,-1.0,-1.0,17.583,0.384967,1211,866391
2,31,insert,226.388,-1.0,-1.0,-1.0,-1.0,201.031,0.555095,1293,1239816
2,32,search,5873.16,1251.44,0.927909,0.89675,0.117471,-1.0,-1.0,38.566,0.555304,1303,1239816
2,33,insert,32.247,-1.0,-1.0,-1.0,-1.0,21.848,0.575302,1311,1291211
2,34,search,7228.25,1258.37,0.8108,0.89778,0.118167,-1.0,-1.0,13.817,0.575325,1312,1291211
2,35,insert,42.78,-1.0,-1.0,-1.0,-1.0,20.86,0.586996,1317,1324978
2,36,search,7466.19,1286.04,0.769098,0.89898,0.117229,-1.0,-1.0,10.704,0.586996,1317,1324978
2,37,insert,55.749,-1.0,-1.0,-1.0,-1.0,44.84,0.607123,1325,1371885
2,38,search,7469.77,1308.58,0.814424,0.89885,0.117051,-1.0,-1.0,16.289,0.607123,1326,1371885
2,39,insert,10.446,-1.0,-1.0,-1.0,-1.0,18.827,0.610253,1329,1379335
2,40,search,7855.46,1306.97,0.740569,0.89908,0.117339,-1.0,-1.0,13.571,0.610254,1330,1379335
2,41,insert,43.425,-1.0,-1.0,-1.0,-1.0,24.914,0.625029,1333,1413312
2,42,search,7655.77,1331.6,0.859088,0.89972,0.117315,-1.0,-1.0,15.759,0.625034,1335,1413312
2,43,insert,11.887,-1.0,-1.0,-1.0,-1.0,15.179,0.629252,1337,1423411
2,44,search,7746.13,1336.27,0.801166,0.89988,0.116567,-1.0,-1.0,12.605,0.629252,1337,1423411
2,45,insert,251.92,-1.0,-1.0,-1.0,-1.0,59.529,0.644735,1353,1457559
2,46,search,7877.17,1334.49,0.851159,0.89993,0.115641,-1.0,-1.0,10.259,0.644735,1353,1457559
2,47,insert,291.085,-1.0,-1.0,-1.0,-1.0,239.235,0.747711,1393,1688593
2,48,search,8469.82,1451.52,0.756066,0.90206,0.115209,-1.0,-1.0,73.103,0.747883,1401,1688593
2,49,insert,40.099,-1.0,-1.0,-1.0,-1.0,35.081,0.764194,1408,1723505
2,50,search,8473.38,1454.77,0.797663,0.90358,0.11361,-1.0,-1.0,34.384,0.764268,1412,1723505
2,51,insert,322.679,-1.0,-1.0,-1.0,-1.0,291.354,0.904976,1477,2035040
2,52,search,9258.04,1591.15,0.77644,0.90669,0.112468,-1.0,-1.0,39.385,0.905048,1483,2035040
2,53,insert,39.477,-1.0,-1.0,-1.0,-1.0,33.376,0.922384,1488,2078341
2,54,search,9511.5,1600.53,0.755075,0.90694,0.112608,-1.0,-1.0,13.996,0.922384,1488,2078341
2,55,insert,348.494,-1.0,-1.0,-1.0,-1.0,326.501,1.06856,1559,2399905
2,56,search,8307.67,1747.65,1.07564,0.90864,0.11261,-1.0,-1.0,129.971,1.0695,1581,2399905
2,57,insert,24.296,-1.0,-1.0,-1.0,-1.0,11.264,1.0766,1581,2419836
2,58,search,10458.1,1713.75,0.776625,0.90815,0.11283,-1.0,-1.0,61.064,1.07665,1587,2419836
2,59,insert,245.827,-1.0,-1.0,-1.0,-1.0,192.683,1.1748,1612,2643083
2,60,search,11234.5,1758.44,0.697863,0.90112,0.121304,-1.0,-1.0,34.306,1.17485,1617,2643083
2,61,insert,10.514,-1.0,-1.0,-1.0,-1.0,26.086,1.17871,1621,2653064
2,62,search,11273,1749.71,0.690127,0.90109,0.121204,-1.0,-1.0,15.051,1.17871,1621,2653064
2,63,insert,5.668,-1.0,-1.0,-1.0,-1.0,12.601,1.1797,1621,2656118
2,64,search,11229.1,1750.71,0.759291,0.90126,0.121037,-1.0,-1.0,14.49,1.1797,1621,2656118
2,65,insert,106.115,-1.0,-1.0,-1.0,-1.0,137.157,1.20972,1653,2723424
2,66,search,10775.7,1754.85,0.813801,0.90142,0.120116,-1.0,-1.0,16.838,1.20979,1654,2723424
2,67,insert,42.991,-1.0,-1.0,-1.0,-1.0,75.173,1.22933,1672,2769021
2,68,search,10816.2,1762.53,0.828548,0.90262,0.119441,-1.0,-1.0,25.062,1.22951,1675,2769021
2,69,insert,49.907,-1.0,-1.0,-1.0,-1.0,75.983,1.25182,1687,2821777
2,70,search,10841.5,1776.03,0.771849,0.90441,0.117906,-1.0,-1.0,13.237,1.25182,1688,2821777
2,71,insert,8.558,-1.0,-1.0,-1.0,-1.0,17.199,1.25778,1692,2834921
2,72,search,10758.3,1781.19,0.836105,0.90467,0.117858,-1.0,-1.0,16.076,1.25778,1692,2834921
2,73,insert,6.875,-1.0,-1.0,-1.0,-1.0,14.347,1.25976,1692,2842044
2,74,search,11592.8,1784.12,0.733229,0.90467,0.117884,-1.0,-1.0,16.53,1.25976,1692,2842044
2,75,insert,34.574,-1.0,-1.0,-1.0,-1.0,19.116,1.26646,1693,2858890
2,76,search,10717.5,1793.88,0.809648,0.90492,0.117903,-1.0,-1.0,15.598,1.26646,1693,2858890
2,77,insert,47.949,-1.0,-1.0,-1.0,-1.0,19.568,1.2767,1694,2882818
2,78,search,9197.41,1804.2,1.04464,0.905,0.117738,-1.0,-1.0,14.783,1.2767,1694,2882818
2,79,insert,410.481,-1.0,-1.0,-1.0,-1.0,18.173,1.30315,1698,2947806
2,80,search,9127.76,1832.23,1.10464,0.90462,0.117982,-1.0,-1.0,14.542,1.30315,1698,2947806
2,81,insert,38.046,-1.0,-1.0,-1.0,-1.0,34.851,1.31631,1702,2976895
2,82,search,9304.43,1842.15,1.03268,0.90598,0.117141,-1.0,-1.0,14.477,1.31631,1702,2976895
2,83,insert,15.115,-1.0,-1.0,-1.0,-1.0,31.38,1.3224,1706,2990682
2,84,search,9304.42,1844.16,1.04165,0.90608,0.117089,-1.0,-1.0,14.92,1.3224,1706,2990682
2,85,insert,34.561,-1.0,-1.0,-1.0,-1.0,36.295,1.33694,1709,3025613
2,86,search,9435.46,1861.59,1.06848,0.90692,0.116369,-1.0,-1.0,16.285,1.33694,1709,3025613
2,87,insert,471.289,-1.0,-1.0,-1.0,-1.0,559.258,1.54077,1809,3468632
2,88,search,10435,2004.02,0.985132,0.91044,0.113806,-1.0,-1.0,108.46,1.54079,1822,3468632
2,89,insert,311.964,-1.0,-1.0,-1.0,-1.0,491.747,1.70225,1925,3831692
2,90,search,10998.7,2060.14,1.01067,0.91457,0.108833,-1.0,-1.0,87.647,1.7027,1935,3831692
2,91,insert,33.889,-1.0,-1.0,-1.0,-1.0,63.145,1.71386,1942,3864067
2,92,search,10836.4,2059.49,1.1055,0.91551,0.107688,-1.0,-1.0,45.413,1.7144,1945,3864067
2,93,insert,282.536,-1.0,-1.0,-1.0,-1.0,268.715,1.81848,1988,4103827
2,94,search,11139.2,2110.25,1.13448,0.91595,0.107422,-1.0,-1.0,56.783,1.81879,1993,4103827
2,95,insert,16.346,-1.0,-1.0,-1.0,-1.0,51.138,1.82422,1998,4119898
2,96,search,10910.1,2106.72,1.0892,0.91607,0.107545,-1.0,-1.0,24.122,1.82423,1999,4119898
2,97,insert,7.635,-1.0,-1.0,-1.0,-1.0,26.692,1.82934,2001,4129367
2,98,search,11027,2105.71,1.09818,0.91617,0.107333,-1.0,-1.0,27.279,1.82954,2002,4129367
2,99,insert,5.776,-1.0,-1.0,-1.0,-1.0,20.894,1.83117,2002,4134502
2,100,search,11152.5,2108.08,1.18036,0.91631,0.107257,-1.0,-1.0,33.603,1.83117,2002,4134502
2,101,insert,50.088,-1.0,-1.0,-1.0,-1.0,44.94,1.84336,2004,4164482
2,102,search,11338.2,2121.6,1.10594,0.91628,0.107175,-1.0,-1.0,40.111,1.84346,2005,4164482
2,103,insert,21.997,-1.0,-1.0,-1.0,-1.0,44.11,1.85056,2007,4178601
2,104,search,11637.7,2126.2,1.08574,0.91682,0.106858,-1.0,-1.0,36.743,1.85063,2008,4178601
2,105,insert,9.666,-1.0,-1.0,-1.0,-1.0,45.321,1.85401,2010,4187774
2,106,search,11586.7,2127.37,1.09732,0.91654,0.106957,-1.0,-1.0,31.608,1.85401,2010,4187774
2,107,insert,18.797,-1.0,-1.0,-1.0,-1.0,37.759,1.85839,2011,4200109
2,108,search,11602.4,2129.81,1.06016,0.91637,0.107267,-1.0,-1.0,32.963,1.85839,2011,4200109
2,109,insert,495.046,-1.0,-1.0,-1.0,-1.0,493.929,2.01985,2094,4557867
2,110,search,11718.8,2205.76,1.11053,0.91902,0.104918,-1.0,-1.0,86.253,2.0212,2111,4557867
2,111,insert,16.295,-1.0,-1.0,-1.0,-1.0,54.711,2.03354,2123,4587252
2,112,search,12240.9,2186.1,1.09333,0.91947,0.104973,-1.0,-1.0,37.383,2.03354,2123,4587252
2,113,insert,12.797,-1.0,-1.0,-1.0,-1.0,57.449,2.03787,2126,4600056
2,114,search,12417.5,2189.23,1.10715,0.91945,0.105078,-1.0,-1.0,38.195,2.03787,2126,4600056
2,115,insert,48.612,-1.0,-1.0,-1.0,-1.0,57.932,2.04858,2130,4627422
2,116,search,12261.6,2197.43,1.13185,0.92001,0.104622,-1.0,-1.0,30.143,2.04884,2131,4627422
2,117,insert,9.377,-1.0,-1.0,-1.0,-1.0,24.399,2.05297,2131,4639292
2,118,search,12350,2200.12,1.04967,0.91996,0.104482,-1.0,-1.0,37.497,2.05297,2131,4639292
2,119,insert,5.715,-1.0,-1.0,-1.0,-1.0,35.253,2.05445,2131,4643423
2,120,search,12531.7,2202.67,1.07882,0.91998,0.104392,-1.0,-1.0,37.51,2.05445,2131,4643423
2,121,insert,22.101,-1.0,-1.0,-1.0,-1.0,58.241,2.06029,2135,4657252
2,122,search,12535.8,2201.42,1.11668,0.92024,0.104231,-1.0,-1.0,36.267,2.06029,2135,4657252
2,123,insert,379.367,-1.0,-1.0,-1.0,-1.0,501.033,2.18966,2192,4938477
2,124,search,12939.9,2251.48,1.14946,0.92104,0.104985,-1.0,-1.0,112.442,2.19082,2213,4938477
2,125,insert,35.285,-1.0,-1.0,-1.0,-1.0,76.917,2.20853,2223,4980492
2,126,search,13019.6,2230.79,1.09592,0.92136,0.104736,-1.0,-1.0,53.808,2.20864,2225,4980492
2,127,insert,61.168,-1.0,-1.0,-1.0,-1.0,99.831,2.22879,2237,5030515
2,128,search,13266.6,2238.79,1.05305,0.92201,0.10452,-1.0,-1.0,38.213,2.22879,2237,5030515
2,129,delete,29.933,-1.0,-1.0,-1.0,-1.0,69.706,2.22675,2203,5009391
2,130,search,12714.2,2240.61,1.12574,0.92103,0.105021,-1.0,-1.0,26.686,2.22675,2203,5009391
2,131,delete,5.729,-1.0,-1.0,-1.0,-1.0,24.447,2.22675,2203,5004093
2,132,search,12777.4,2237.64,1.09228,0.92097,0.105096,-1.0,-1.0,37.637,2.22675,2203,5004093
2,133,delete,17.745,-1.0,-1.0,-1.0,-1.0,35.395,2.22675,2203,4991787
2,134,search,12178.9,2228.22,1.1266,0.92076,0.105241,-1.0,-1.0,25.304,2.22675,2203,4991787
2,135,delete,12.956,-1.0,-1.0,-1.0,-1.0,43.194,2.22455,2200,4974857
2,136,search,12682.4,2222.2,1.07994,0.9208,0.105187,-1.0,-1.0,36.379,2.22455,2200,4974857
2,137,delete,5.963,-1.0,-1.0,-1.0,-1.0,35.415,2.22455,2200,4971386
2,138,search,12937.6,2220.74,1.08516,0.92077,0.105184,-1.0,-1.0,37.908,2.22455,2200,4971386
2,139,delete,16.301,-1.0,-1.0,-1.0,-1.0,36.547,2.22455,2200,4963487
2,140,search,12938.4,2216.32,1.18035,0.92065,0.105145,-1.0,-1.0,37.983,2.22455,2200,4963487
2,141,delete,36.952,-1.0,-1.0,-1.0,-1.0,98.434,2.21998,2194,4941830
2,142,search,12897.5,2209.62,1.08392,0.92046,0.105366,-1.0,-1.0,39.036,2.21998,2194,4941830
2,143,delete,26.972,-1.0,-1.0,-1.0,-1.0,108.522,2.21458,2190,4925657
2,144,search,12755.3,2206.7,1.11067,0.92037,0.105149,-1.0,-1.0,45.762,2.21467,2191,4925657
2,145,delete,4.286,-1.0,-1.0,-1.0,-1.0,50.429,2.21359,2188,4922686
2,146,search,12763.1,2206.43,1.09121,0.92014,0.105734,-1.0,-1.0,36.458,2.21359,2188,4922686
2,147,delete,11.503,-1.0,-1.0,-1.0,-1.0,35.077,2.21359,2188,4913636
2,148,search,12339.9,2200.89,1.09756,0.92013,0.105596,-1.0,-1.0,24.743,2.21359,2188,4913636
2,149,delete,132.089,-1.0,-1.0,-1.0,-1.0,881.557,2.13101,2079,4717250
2,150,search,12052.9,2225.63,1.09906,0.91965,0.106045,-1.0,-1.0,92.825,2.13244,2089,4717250
2,151,delete,154.315,-1.0,-1.0,-1.0,-1.0,1144.17,2.06134,1991,4560269
4,2,search,2648.89,37.5515,1.88773,0.8551,0.130106,-1.0,-1.0,7.64,0.0184881,1000,38806
4,3,insert,12.009,-1.0,-1.0,-1.0,-1.0,14.808,0.022655,996,49334
4,4,search,2539.51,63.4255,1.99265,0.86686,0.128427,-1.0,-1.0,17.91,0.0226819,989,49334
4,5,insert,26.97,-1.0,-1.0,-1.0,-1.0,166.437,0.0328921,977,73557
4,6,search,2658.6,177.353,1.62788,0.92606,0.103259,-1.0,-1.0,125.644,0.0330517,979,73557
4,7,insert,30.268,-1.0,-1.0,-1.0,-1.0,125.916,0.0426943,980,95766
4,8,search,2713.67,222.757,1.4305,0.92504,0.103629,-1.0,-1.0,32.131,0.0432982,985,95766
4,9,insert,4.869,-1.0,-1.0,-1.0,-1.0,6.717,0.0450828,985,100025
4,10,search,2759.96,227.581,1.28173,0.92592,0.101876,-1.0,-1.0,22.944,0.0451207,989,100025
4,11,insert,13.801,-1.0,-1.0,-1.0,-1.0,13.078,0.0499266,992,111417
4,12,search,2799.06,258.957,1.16719,0.92491,0.102748,-1.0,-1.0,23.034,0.0501546,997,111417
4,13,insert,26.965,-1.0,-1.0,-1.0,-1.0,6.758,0.0612286,997,137139
4,14,search,2638.15,293.564,1.37405,0.92153,0.10454,-1.0,-1.0,13.427,0.0612375,999,137139
4,15,insert,25.853,-1.0,-1.0,-1.0,-1.0,13.327,0.069562,1001,156710
4,16,search,2851.49,324.727,1.10201,0.91974,0.105152,-1.0,-1.0,7.265,0.069562,1001,156710
4,17,insert,6.305,-1.0,-1.0,-1.0,-1.0,12.1,0.0715575,1003,161773
4,18,search,2853.58,339.476,1.05827,0.92081,0.105107,-1.0,-1.0,7.396,0.0715575,1003,161773
4,19,insert,37.852,-1.0,-1.0,-1.0,-1.0,12.907,0.0785114,1005,177161
4,20,search,2826.04,375.64,1.0772,0.92445,0.101871,-1.0,-1.0,10.978,0.0785114,1006,177161
4,21,insert,361.589,-1.0,-1.0,-1.0,-1.0,201.885,0.201554,1063,448898
4,22,search,3374.26,744.238,0.854057,0.90874,0.108744,-1.0,-1.0,53.438,0.201553,1074,448898
4,23,insert,394.692,-1.0,-1.0,-1.0,-1.0,259.614,0.329691,1134,733493
4,24,search,3973.07,1027.45,0.777998,0.90456,0.110585,-1.0,-1.0,119.009,0.330318,1161,733493
4,25,insert,41.615,-1.0,-1.0,-1.0,-1.0,25.088,0.347655,1165,777443
4,26,search,3980.72,989.61,0.808181,0.90156,0.113667,-1.0,-1.0,21.389,0.347813,1168,777443
4,27,insert,31.006,-1.0,-1.0,-1.0,-1.0,13.945,0.359663,1169,805394
4,28,search,4042.56,1012.24,0.791303,0.90312,0.112023,-1.0,-1.0,14.428,0.359665,1170,805394
4,29,insert,66.039,-1.0,-1.0,-1.0,-1.0,66.568,0.38664,1184,866391
4,30,search,4162.44,1063.32,0.782776,0.90536,0.110946,-1.0,-1.0,28.54,0.386639,1187,866391
4,31,insert,428.089,-1.0,-1.0,-1.0,-1.0,310.7,0.551452,1251,1239816
4,32,search,4801.03,1334.93,0.683276,0.9004,0.115641,-1.0,-1.0,119.586,0.552172,1263,1239816
4,33,insert,69.549,-1.0,-1.0,-1.0,-1.0,23.87,0.57367,1268,1291211
4,34,search,4792.31,1335.96,0.758786,0.90063,0.115592,-1.0,-1.0,70.503,0.573836,1274,1291211
4,35,insert,42.976,-1.0,-1.0,-1.0,-1.0,28.067,0.585118,1279,1324978
4,36,search,4572.43,1359.92,0.850717,0.90129,0.114334,-1.0,-1.0,42.211,0.58512,1282,1324978
4,37,insert,65.822,-1.0,-1.0,-1.0,-1.0,34.349,0.606691,1288,1371885
4,38,search,4978,1380.02,0.769329,0.9023,0.113605,-1.0,-1.0,10.303,0.606691,1288,1371885
4,39,insert,9.559,-1.0,-1.0,-1.0,-1.0,14.027,0.609658,1290,1379335
4,40,search,4785.97,1381.63,0.847907,0.90231,0.113761,-1.0,-1.0,10.332,0.609658,1290,1379335
4,41,insert,49.91,-1.0,-1.0,-1.0,-1.0,36.364,0.625428,1296,1413312
4,42,search,4731.48,1400.39,0.778653,0.90314,0.113453,-1.0,-1.0,10.085,0.625428,1296,1413312
4,43,insert,11.275,-1.0,-1.0,-1.0,-1.0,13.184,0.628646,1297,1423411
4,44,search,4790.58,1410.94,0.823537,0.90341,0.113374,-1.0,-1.0,10.323,0.628646,1297,1423411
4,45,insert,227.598,-1.0,-1.0,-1.0,-1.0,35.812,0.643613,1305,1457559
4,46,search,5068.68,1425.96,0.731091,0.90349,0.11292,-1.0,-1.0,9.942,0.643613,1305,1457559
4,47,insert,299.283,-1.0,-1.0,-1.0,-1.0,247.048,0.749626,1343,1688593
4,48,search,5039.08,1552.73,0.957053,0.90646,0.111837,-1.0,-1.0,83.071,0.749902,1352,1688593
4,49,insert,36.858,-1.0,-1.0,-1.0,-1.0,28.453,0.765001,1356,1723505
4,50,search,5489.19,1556.37,0.707924,0.907,0.111429,-1.0,-1.0,31.424,0.765,1359,1723505
4,51,insert,330.217,-1.0,-1.0,-1.0,-1.0,283.815,0.905145,1417,2035040
4,52,search,5719.34,1704.72,0.852746,0.90888,0.112071,-1.0,-1.0,39.682,0.905144,1422,2035040
4,53,insert,41.901,-1.0,-1.0,-1.0,-1.0,17.864,0.921853,1423,2078341
4,54,search,5861.86,1723.97,0.774239,0.90922,0.11148,-1.0,-1.0,11.964,0.921853,1423,2078341
4,55,insert,352.446,-1.0,-1.0,-1.0,-1.0,431.969,1.06922,1489,2399905
4,56,search,6301.59,1874.54,0.740148,0.91068,0.11224,-1.0,-1.0,101.913,1.06982,1505,2399905
4,57,insert,23.727,-1.0,-1.0,-1.0,-1.0,21.8,1.07862,1508,2419836
4,58,search,6559.39,1843.56,0.701931,0.90999,0.113061,-1.0,-1.0,40.52,1.07863,1511,2419836
4,59,insert,248.512,-1.0,-1.0,-1.0,-1.0,182.297,1.17688,1531,2643083
4,60,search,6699.78,1901.36,0.70948,0.90319,0.120837,-1.0,-1.0,67.913,1.17725,1539,2643083
4,61,insert,10.687,-1.0,-1.0,-1.0,-1.0,14.857,1.18091,1540,2653064
4,62,search,6700.39,1897.07,0.745074,0.90331,0.12042,-1.0,-1.0,26.509,1.18092,1543,2653064
4,63,insert,3.528,-1.0,-1.0,-1.0,-1.0,11.123,1.18201,1543,2656118
4,64,search,6685.34,1888.97,0.746461,0.90299,0.120674,-1.0,-1.0,11.788,1.18201,1543,2656118
4,65,insert,74.34,-1.0,-1.0,-1.0,-1.0,131.029,1.20991,1572,2723424
4,66,search,6888.25,1895.61,0.683151,0.90394,0.119328,-1.0,-1.0,22.013,1.21014,1573,2723424
4,67,insert,46.322,-1.0,-1.0,-1.0,-1.0,78.547,1.23016,1587,2769021
4,68,search,6995.43,1909.97,0.685908,0.90523,0.118301,-1.0,-1.0,27.766,1.23016,1590,2769021
4,69,insert,67.441,-1.0,-1.0,-1.0,-1.0,69.323,1.25091,1599,2821777
4,70,search,7002.65,1927.43,0.651686,0.90672,0.116866,-1.0,-1.0,29.874,1.25091,1601,2821777
4,71,insert,23.412,-1.0,-1.0,-1.0,-1.0,29.66,1.257,1605,2834921
4,72,search,6870.86,1928.3,0.732529,0.90711,0.116825,-1.0,-1.0,22.036,1.257,1606,2834921
4,73,insert,7.286,-1.0,-1.0,-1.0,-1.0,11.805,1.25884,1606,2842044
4,74,search,6762.91,1932.73,0.784468,0.90711,0.116885,-1.0,-1.0,13.017,1.25884,1606,2842044
4,75,insert,26.468,-1.0,-1.0,-1.0,-1.0,36.577,1.26508,1610,2858890
4,76,search,6968.68,1938.27,0.769314,0.90753,0.116645,-1.0,-1.0,17.094,1.26528,1611,2858890
4,77,insert,33.335,-1.0,-1.0,-1.0,-1.0,11.373,1.27555,1611,2882818
4,78,search,7140.85,1948.65,0.685717,0.90725,0.116846,-1.0,-1.0,12.119,1.27555,1611,2882818
4,79,insert,473.154,-1.0,-1.0,-1.0,-1.0,21.667,1.30353,1614,2947806
4,80,search,7226.32,1976.62,0.70684,0.90699,0.116916,-1.0,-1.0,17.937,1.30359,1615,2947806
4,81,insert,29.663,-1.0,-1.0,-1.0,-1.0,45.95,1.3149,1621,2976895
4,82,search,6810.25,1982.52,0.782588,0.90821,0.116149,-1.0,-1.0,12.236,1.3149,1621,2976895
4,83,insert,17.009,-1.0,-1.0,-1.0,-1.0,18.907,1.32219,1622,2990682
4,84,search,6926.49,1991.13,0.723782,0.90831,0.115947,-1.0,-1.0,12.076,1.32219,1622,2990682
4,85,insert,36.181,-1.0,-1.0,-1.0,-1.0,41.221,1.33756,1627,3025613
4,86,search,7097.74,2005.05,0.729937,0.90951,0.115039,-1.0,-1.0,14.288,1.33756,1627,3025613
4,87,insert,577.638,-1.0,-1.0,-1.0,-1.0,661.733,1.54487,1740,3468632
4,88,search,7767.6,2121.4,0.729338,0.91298,0.111325,-1.0,-1.0,101.632,1.54554,1752,3468632
4,89,insert,411.545,-1.0,-1.0,-1.0,-1.0,467.189,1.70655,1839,3831692
4,90,search,8261.35,2195.93,0.719684,0.917,0.106903,-1.0,-1.0,85.11,1.70673,1849,3831692
4,91,insert,29.693,-1.0,-1.0,-1.0,-1.0,79.226,1.71688,1861,3864067
4,92,search,8359.11,2182.33,0.730181,0.9171,0.106494,-1.0,-1.0,28.629,1.71693,1862,3864067
4,93,insert,284.488,-1.0,-1.0,-1.0,-1.0,219.341,1.82177,1892,4103827
4,94,search,8287.5,2256.56,0.873714,0.91791,0.106212,-1.0,-1.0,83.117,1.82215,1901,4103827
4,95,insert,16.547,-1.0,-1.0,-1.0,-1.0,34.717,1.82807,1904,4119898
4,96,search,7791.13,2248.21,0.968586,0.91818,0.105858,-1.0,-1.0,29.828,1.82823,1905,4119898
4,97,insert,10.473,-1.0,-1.0,-1.0,-1.0,37.435,1.83185,1908,4129367
4,98,search,9015.74,2245.99,0.655722,0.9181,0.105883,-1.0,-1.0,27.074,1.83185,1908,4129367
4,99,insert,10.006,-1.0,-1.0,-1.0,-1.0,32.305,1.83379,1909,4134502
4,100,search,8988.86,2247.48,0.714673,0.91818,0.105801,-1.0,-1.0,28.105,1.83379,1909,4134502
4,101,insert,51.863,-1.0,-1.0,-1.0,-1.0,57.339,1.84591,1913,4164482
4,102,search,8850.84,2258.9,0.742483,0.91828,0.106099,-1.0,-1.0,27.98,1.84591,1913,4164482
4,103,insert,20.444,-1.0,-1.0,-1.0,-1.0,46.398,1.85193,1916,4178601
4,104,search,8920.03,2264.44,0.73229,0.91851,0.106034,-1.0,-1.0,34.209,1.85205,1917,4178601
4,105,insert,12.976,-1.0,-1.0,-1.0,-1.0,33.917,1.85626,1918,4187774
4,106,search,8853.27,2266.53,0.672879,0.91855,0.105945,-1.0,-1.0,26.994,1.85626,1918,4187774
4,107,insert,19.602,-1.0,-1.0,-1.0,-1.0,25.712,1.86002,1918,4200109
4,108,search,9084.87,2270.15,0.666449,0.91843,0.10604,-1.0,-1.0,27.101,1.86002,1918,4200109
4,109,insert,468.415,-1.0,-1.0,-1.0,-1.0,636.48,2.02206,2014,4557867
4,110,search,9628.79,2327.85,0.697749,0.92049,0.10383,-1.0,-1.0,92.488,2.02302,2026,4557867
4,111,insert,29.913,-1.0,-1.0,-1.0,-1.0,72.646,2.03557,2035,4587252
4,112,search,9742.57,2310.57,0.690824,0.92065,0.103806,-1.0,-1.0,48.949,2.03598,2036,4587252
4,113,insert,14.657,-1.0,-1.0,-1.0,-1.0,57.675,2.04124,2040,4600056
4,114,search,9540.73,2310.61,0.733133,0.92096,0.103656,-1.0,-1.0,39.694,2.04133,2041,4600056
4,115,insert,35.234,-1.0,-1.0,-1.0,-1.0,61.425,2.04849,2046,4627422
4,116,search,9788.63,2315.14,0.650192,0.92128,0.103612,-1.0,-1.0,34.838,2.04849,2046,4627422
4,117,insert,17.306,-1.0,-1.0,-1.0,-1.0,36.272,2.05248,2047,4639292
4,118,search,8741.98,2318.28,0.877847,0.92155,0.103384,-1.0,-1.0,33.183,2.05248,2047,4639292
4,119,insert,5.926,-1.0,-1.0,-1.0,-1.0,46.34,2.05441,2049,4643423
4,120,search,9853.57,2316.8,0.670908,0.92149,0.103387,-1.0,-1.0,33.062,2.05441,2049,4643423
4,121,insert,23.242,-1.0,-1.0,-1.0,-1.0,40.227,2.05936,2050,4657252
4,122,search,9828.76,2321.93,0.657878,0.92151,0.103251,-1.0,-1.0,33.081,2.05936,2050,4657252
4,123,insert,366.663,-1.0,-1.0,-1.0,-1.0,436.498,2.18515,2092,4938477
4,124,search,10015.9,2387.89,0.701238,0.92241,0.103768,-1.0,-1.0,223.511,2.18602,2110,4938477
4,125,insert,60.021,-1.0,-1.0,-1.0,-1.0,87.829,2.2052,2119,4980492
4,126,search,10274.8,2373.28,0.687235,0.92244,0.103677,-1.0,-1.0,129.009,2.20565,2127,4980492
4,127,insert,65.731,-1.0,-1.0,-1.0,-1.0,134.898,2.2263,2149,5030515
4,128,search,10429.2,2358.04,0.682777,0.92328,0.103084,-1.0,-1.0,77.967,2.22646,2154,5030515
4,129,delete,18.805,-1.0,-1.0,-1.0,-1.0,58.088,2.22483,2126,5009391
4,130,search,9838.25,2349.94,0.777618,0.92231,0.103546,-1.0,-1.0,36.301,2.22483,2126,5009391
4,131,delete,6.265,-1.0,-1.0,-1.0,-1.0,40.916,2.22483,2126,5004093
4,132,search,9770.16,2348.02,0.752127,0.92222,0.103691,-1.0,-1.0,37.315,2.22483,2126,5004093
4,133,delete,15.734,-1.0,-1.0,-1.0,-1.0,35.202,2.2248,2126,4991787
4,134,search,10013,2336.42,0.712997,0.92204,0.103845,-1.0,-1.0,35.808,2.2248,2126,4991787
4,135,delete,22.078,-1.0,-1.0,-1.0,-1.0,80.696,2.22171,2122,4974857
4,136,search,10018.2,2333.46,0.684522,0.92231,0.103575,-1.0,-1.0,36.159,2.22171,2122,4974857
4,137,delete,6.066,-1.0,-1.0,-1.0,-1.0,35.121,2.22171,2122,4971386
4,138,search,9706.09,2331.39,0.761608,0.92225,0.103658,-1.0,-1.0,35.748,2.22171,2122,4971386
4,139,delete,8.958,-1.0,-1.0,-1.0,-1.0,35.77,2.22171,2122,4963487
4,140,search,9921.51,2326.33,0.741001,0.92224,0.103564,-1.0,-1.0,37.479,2.22171,2122,4963487
4,141,delete,36.536,-1.0,-1.0,-1.0,-1.0,111.073,2.21759,2115,4941830
4,142,search,9625.52,2321.07,0.78902,0.92212,0.103729,-1.0,-1.0,38.118,2.21759,2115,4941830
4,143,delete,26.653,-1.0,-1.0,-1.0,-1.0,106.51,2.2123,2111,4925657
4,144,search,10129.5,2317.06,0.687404,0.92216,0.103679,-1.0,-1.0,38.092,2.2123,2111,4925657
4,145,delete,5.385,-1.0,-1.0,-1.0,-1.0,45.165,2.21141,2109,4922686
4,146,search,10075.1,2317.57,0.66731,0.92202,0.103733,-1.0,-1.0,36.875,2.21141,2109,4922686
4,147,delete,12.72,-1.0,-1.0,-1.0,-1.0,35.394,2.21141,2109,4913636
4,148,search,10100.2,2311.94,0.680439,0.92196,0.103714,-1.0,-1.0,36.754,2.21141,2109,4913636
4,149,delete,227.333,-1.0,-1.0,-1.0,-1.0,1262.45,2.12783,2007,4717250
4,150,search,9254.72,2333.41,0.774102,0.92147,0.10475,-1.0,-1.0,86.86,2.1292,2014,4717250
4,151,delete,166.137,-1.0,-1.0,-1.0,-1.0,1087.57,2.05883,1920,4560269
8,2,search,3176.13,37.5515,0.685469,0.8551,0.130106,-1.0,-1.0,7.519,0.0184881,1000,38806
8,3,insert,14.061,-1.0,-1.0,-1.0,-1.0,15.915,0.022655,996,49334
8,4,search,2689.35,63.4255,1.05853,0.86686,0.128427,-1.0,-1.0,14.033,0.0226615,993,49334
8,5,insert,29.243,-1.0,-1.0,-1.0,-1.0,167.398,0.032935,982,73557
8,6,search,2602.73,175.313,1.44387,0.92586,0.10314,-1.0,-1.0,144.996,0.0329729,983,73557
8,7,insert,33.212,-1.0,-1.0,-1.0,-1.0,149.245,0.0426748,985,95766
8,8,search,2602.98,220.999,1.27385,0.92475,0.103899,-1.0,-1.0,91.19,0.0429489,989,95766
8,9,insert,5.46,-1.0,-1.0,-1.0,-1.0,74.862,0.0447658,989,100025
8,10,search,2603,227.069,1.22283,0.92685,0.101224,-1.0,-1.0,86.632,0.0448143,993,100025
8,11,insert,14.031,-1.0,-1.0,-1.0,-1.0,84.775,0.0499416,996,111417
8,12,search,2618.52,260.537,1.16238,0.92563,0.102114,-1.0,-1.0,19.706,0.0499841,997,111417
8,13,insert,29.638,-1.0,-1.0,-1.0,-1.0,11.314,0.0612257,999,137139
8,14,search,2671.04,294.111,0.993493,0.92128,0.10523,-1.0,-1.0,28.055,0.0613236,1002,137139
8,15,insert,32.741,-1.0,-1.0,-1.0,-1.0,15.749,0.0700361,1005,156710
8,16,search,2697.61,322.814,0.995554,0.91926,0.105592,-1.0,-1.0,20.677,0.0700409,1009,156710
8,17,insert,6.873,-1.0,-1.0,-1.0,-1.0,11.988,0.0720871,1011,161773
8,18,search,2718.78,331.447,0.949806,0.91922,0.106363,-1.0,-1.0,21.651,0.0722678,1016,161773
8,19,insert,43.185,-1.0,-1.0,-1.0,-1.0,17.725,0.0792022,1020,177161
8,20,search,2779.57,358.088,0.966152,0.92312,0.102872,-1.0,-1.0,14.555,0.0792022,1022,177161
8,21,insert,385.316,-1.0,-1.0,-1.0,-1.0,228.807,0.202194,1094,448898
8,22,search,3056.74,691.199,0.815705,0.90671,0.108756,-1.0,-1.0,81.923,0.20226,1112,448898
8,23,insert,429.022,-1.0,-1.0,-1.0,-1.0,269.899,0.328827,1180,733493
8,24,search,3343.87,945.68,0.731784,0.90352,0.111145,-1.0,-1.0,119.369,0.32956,1210,733493
8,25,insert,48.946,-1.0,-1.0,-1.0,-1.0,34.083,0.347375,1218,777443
8,26,search,3481.64,909.867,0.771286,0.90169,0.112692,-1.0,-1.0,29.199,0.347516,1225,777443
8,27,insert,35.257,-1.0,-1.0,-1.0,-1.0,28.761,0.359307,1230,805394
8,28,search,3471.19,918.894,0.767757,0.90131,0.113193,-1.0,-1.0,16.102,0.359438,1232,805394
8,29,insert,73.173,-1.0,-1.0,-1.0,-1.0,70.278,0.386063,1248,866391
8,30,search,3599.43,959.047,0.828177,0.90373,0.112592,-1.0,-1.0,33.904,0.386066,1253,866391
8,31,insert,485.523,-1.0,-1.0,-1.0,-1.0,311.352,0.554971,1336,1239816
8,32,search,3936.92,1190.76,0.763297,0.89809,0.117141,-1.0,-1.0,52.913,0.555102,1345,1239816
8,33,insert,52.131,-1.0,-1.0,-1.0,-1.0,48.984,0.574791,1356,1291211
8,34,search,3982.56,1197.43,0.684143,0.89932,0.116194,-1.0,-1.0,17.949,0.574833,1358,1291211
8,35,insert,36.475,-1.0,-1.0,-1.0,-1.0,28.721,0.586575,1365,1324978
8,36,search,3986.52,1221.58,0.686129,0.90058,0.115202,-1.0,-1.0,10.591,0.586575,1365,1324978
8,37,insert,58.661,-1.0,-1.0,-1.0,-1.0,43.29,0.607156,1371,1371885
8,38,search,4067.71,1248.28,0.685673,0.89998,0.115727,-1.0,-1.0,23.157,0.607161,1374,1371885
8,39,insert,10.475,-1.0,-1.0,-1.0,-1.0,12.095,0.610528,1375,1379335
8,40,search,4065.6,1245.38,0.68669,0.89994,0.116434,-1.0,-1.0,15.046,0.610528,1376,1379335
8,41,insert,40.328,-1.0,-1.0,-1.0,-1.0,32.987,0.62445,1382,1413312
8,42,search,4077.28,1264.69,0.702071,0.90119,0.115424,-1.0,-1.0,18.169,0.624455,1384,1413312
8,43,insert,12.139,-1.0,-1.0,-1.0,-1.0,18.337,0.628464,1387,1423411
8,44,search,4109.98,1266.03,0.701159,0.90151,0.115193,-1.0,-1.0,10.705,0.628464,1387,1423411
8,45,insert,236.562,-1.0,-1.0,-1.0,-1.0,33.403,0.642904,1396,1457559
8,46,search,4121.1,1268.71,0.682604,0.90136,0.115086,-1.0,-1.0,11.027,0.642904,1396,1457559
8,47,insert,292.157,-1.0,-1.0,-1.0,-1.0,241.667,0.747845,1434,1688593
8,48,search,4306.7,1397.23,0.678486,0.90367,0.114957,-1.0,-1.0,89.633,0.748038,1443,1688593
8,49,insert,38.484,-1.0,-1.0,-1.0,-1.0,27.452,0.761785,1449,1723505
8,50,search,4343.53,1398.53,0.682565,0.90418,0.114696,-1.0,-1.0,34.902,0.761785,1452,1723505
8,51,insert,406.498,-1.0,-1.0,-1.0,-1.0,281.605,0.905733,1516,2035040
8,52,search,4448.59,1533.08,0.734685,0.90781,0.112832,-1.0,-1.0,52.812,0.906125,1522,2035040
8,53,insert,51.825,-1.0,-1.0,-1.0,-1.0,22.037,0.923049,1525,2078341
8,54,search,4669.03,1548.07,0.645888,0.90762,0.113182,-1.0,-1.0,12.546,0.923049,1525,2078341
8,55,insert,375.867,-1.0,-1.0,-1.0,-1.0,394.89,1.07034,1595,2399905
8,56,search,4783.98,1694.62,0.710547,0.90918,0.113835,-1.0,-1.0,170.218,1.07162,1628,2399905
8,57,insert,23.926,-1.0,-1.0,-1.0,-1.0,20.019,1.07807,1629,2419836
8,58,search,5051.66,1640.23,0.653922,0.90808,0.114567,-1.0,-1.0,64.517,1.07811,1637,2419836
8,59,insert,158.018,-1.0,-1.0,-1.0,-1.0,90.116,1.17634,1659,2643083
8,60,search,4351.15,1682.8,0.808787,0.90131,0.121765,-1.0,-1.0,35.709,1.17634,1662,2643083
8,61,insert,13.848,-1.0,-1.0,-1.0,-1.0,17.253,1.1806,1664,2653064
8,62,search,5041.17,1683.09,0.73793,0.90154,0.121725,-1.0,-1.0,13.262,1.1806,1664,2653064
8,63,insert,4.825,-1.0,-1.0,-1.0,-1.0,12.61,1.18193,1664,2656118
8,64,search,5110.88,1683.41,0.727436,0.90152,0.121617,-1.0,-1.0,17.684,1.18196,1665,2656118
8,65,insert,83.676,-1.0,-1.0,-1.0,-1.0,107.23,1.20876,1690,2723424
8,66,search,5373.68,1700.4,0.705238,0.90262,0.120814,-1.0,-1.0,11.716,1.20876,1690,2723424
8,67,insert,26.402,-1.0,-1.0,-1.0,-1.0,34.132,1.22762,1700,2769021
8,68,search,4886.46,1726.67,0.851401,0.90453,0.119315,-1.0,-1.0,35.85,1.22772,1705,2769021
8,69,insert,51.785,-1.0,-1.0,-1.0,-1.0,46.064,1.25083,1715,2821777
8,70,search,5127.14,1740.81,0.723305,0.90625,0.117871,-1.0,-1.0,23.995,1.25083,1716,2821777
8,71,insert,17.388,-1.0,-1.0,-1.0,-1.0,15.564,1.25673,1716,2834921
8,72,search,5109.72,1752.4,0.6421,0.90696,0.117325,-1.0,-1.0,10.691,1.25673,1716,2834921
8,73,insert,4.319,-1.0,-1.0,-1.0,-1.0,10.353,1.2596,1716,2842044
8,74,search,5033.51,1756.55,0.794706,0.90711,0.117346,-1.0,-1.0,16.356,1.2596,1716,2842044
8,75,insert,20.184,-1.0,-1.0,-1.0,-1.0,27.704,1.26635,1719,2858890
8,76,search,4303.88,1764.55,0.774132,0.90728,0.117017,-1.0,-1.0,10.955,1.26635,1719,2858890
8,77,insert,18.86,-1.0,-1.0,-1.0,-1.0,13.697,1.27844,1720,2882818
8,78,search,5233.81,1774.78,0.698777,0.90726,0.117219,-1.0,-1.0,11.338,1.27844,1720,2882818
8,79,insert,302.014,-1.0,-1.0,-1.0,-1.0,33.94,1.30644,1727,2947806
8,80,search,5285.79,1795.69,0.653776,0.9067,0.117696,-1.0,-1.0,11.464,1.30644,1727,2947806
8,81,insert,22.483,-1.0,-1.0,-1.0,-1.0,32.321,1.31943,1734,2976895
8,82,search,4963.58,1802.23,0.777655,0.90783,0.117099,-1.0,-1.0,15.303,1.31943,1734,2976895
8,83,insert,10.363,-1.0,-1.0,-1.0,-1.0,35.623,1.32481,1740,2990682
8,84,search,4899.55,1800.34,0.69544,0.90828,0.116521,-1.0,-1.0,12.173,1.32481,1740,2990682
8,85,insert,22.006,-1.0,-1.0,-1.0,-1.0,39.106,1.33931,1749,3025613
8,86,search,4241.48,1806.75,0.876135,0.90876,0.116276,-1.0,-1.0,16.928,1.33947,1750,3025613
8,87,insert,289.598,-1.0,-1.0,-1.0,-1.0,367.117,1.54024,1849,3468632
8,88,search,5512.9,1951.34,0.805257,0.91199,0.113166,-1.0,-1.0,112.214,1.54077,1863,3468632
8,89,insert,416.423,-1.0,-1.0,-1.0,-1.0,314.865,1.69997,1957,3831692
8,90,search,6012.27,2023.44,0.653866,0.91651,0.108674,-1.0,-1.0,106.121,1.70023,1970,3831692
8,91,insert,37.445,-1.0,-1.0,-1.0,-1.0,61.029,1.71205,1978,3864067
8,92,search,5959.5,2014.52,0.817775,0.91645,0.108514,-1.0,-1.0,28.546,1.71213,1979,3864067
8,93,insert,278.89,-1.0,-1.0,-1.0,-1.0,290.921,1.81872,2020,4103827
8,94,search,6054.24,2075.54,0.708834,0.9175,0.10711,-1.0,-1.0,56.813,1.81956,2033,4103827
8,95,insert,9.402,-1.0,-1.0,-1.0,-1.0,47.104,1.82588,2039,4119898
8,96,search,6627.87,2059.2,0.68994,0.91742,0.1071,-1.0,-1.0,32.618,1.82588,2039,4119898
8,97,insert,8.503,-1.0,-1.0,-1.0,-1.0,30.094,1.83006,2041,4129367
8,98,search,6222.6,2062.4,0.714383,0.91766,0.106837,-1.0,-1.0,32.944,1.83006,2041,4129367
8,99,insert,7.136,-1.0,-1.0,-1.0,-1.0,35.909,1.8322,2042,4134502
8,100,search,6221.55,2063.59,0.759507,0.91764,0.106875,-1.0,-1.0,30.65,1.8322,2042,4134502
8,101,insert,21.42,-1.0,-1.0,-1.0,-1.0,45.521,1.84339,2046,4164482
8,102,search,6565.39,2072.3,0.647449,0.91775,0.106861,-1.0,-1.0,24.993,1.84339,2046,4164482
8,103,insert,9.864,-1.0,-1.0,-1.0,-1.0,53.827,1.84903,2055,4178601
8,104,search,6093.72,2068.72,0.735142,0.91805,0.106529,-1.0,-1.0,46.444,1.8493,2057,4178601
8,105,insert,13.583,-1.0,-1.0,-1.0,-1.0,40.515,1.8543,2058,4187774
8,106,search,6585.51,2068.95,0.690668,0.9179,0.106911,-1.0,-1.0,30.959,1.8543,2058,4187774
8,107,insert,15.151,-1.0,-1.0,-1.0,-1.0,31.821,1.85872,2058,4200109
8,108,search,6404.43,2071.97,0.604212,0.91794,0.106955,-1.0,-1.0,35.873,1.85872,2058,4200109
8,109,insert,320.646,-1.0,-1.0,-1.0,-1.0,602.967,2.02124,2150,4557867
8,110,search,7153.59,2140.69,0.693012,0.92017,0.105304,-1.0,-1.0,104.239,2.02202,2163,4557867
8,111,insert,32.898,-1.0,-1.0,-1.0,-1.0,53.763,2.0339,2171,4587252
8,112,search,7158.54,2127.7,0.657832,0.92017,0.105428,-1.0,-1.0,34.968,2.03393,2172,4587252
8,113,insert,11.741,-1.0,-1.0,-1.0,-1.0,46.723,2.03913,2175,4600056
8,114,search,6383.12,2128.96,0.71362,0.92038,0.105364,-1.0,-1.0,30.166,2.03913,2175,4600056
8,115,insert,17.14,-1.0,-1.0,-1.0,-1.0,42.07,2.04729,2181,4627422
8,116,search,7327.13,2133.52,0.647492,0.92103,0.104697,-1.0,-1.0,38.295,2.04729,2181,4627422
8,117,insert,11.883,-1.0,-1.0,-1.0,-1.0,46.386,2.04997,2182,4639292
8,118,search,6738.96,2137.51,0.659331,0.92111,0.104185,-1.0,-1.0,40.459,2.05014,2183,4639292
8,119,insert,4.012,-1.0,-1.0,-1.0,-1.0,35.517,2.05197,2183,4643423
8,120,search,7528.54,2137.22,0.661673,0.92109,0.104264,-1.0,-1.0,38.142,2.05197,2183,4643423
8,121,insert,17.641,-1.0,-1.0,-1.0,-1.0,50.454,2.05669,2185,4657252
8,122,search,7099.18,2143.5,0.672221,0.92114,0.104374,-1.0,-1.0,35.404,2.05669,2185,4657252
8,123,insert,286.358,-1.0,-1.0,-1.0,-1.0,320.932,2.18474,2248,4938477
8,124,search,7608.35,2181.7,0.693711,0.92161,0.105792,-1.0,-1.0,119.299,2.18546,2258,4938477
8,125,insert,61.145,-1.0,-1.0,-1.0,-1.0,88.448,2.20134,2267,4980492
8,126,search,7301.51,2175.8,0.679197,0.92208,0.105404,-1.0,-1.0,29.687,2.20139,2268,4980492
8,127,insert,41.357,-1.0,-1.0,-1.0,-1.0,105.157,2.22438,2285,5030515
8,128,search,7995.05,2178.81,0.637915,0.92257,0.105088,-1.0,-1.0,38.616,2.22438,2285,5030515
8,129,delete,25.744,-1.0,-1.0,-1.0,-1.0,69.265,2.22253,2253,5009391
8,130,search,7814.56,2180.7,0.633245,0.92157,0.105796,-1.0,-1.0,38.277,2.22253,2253,5009391
8,131,delete,7.197,-1.0,-1.0,-1.0,-1.0,37.148,2.22253,2253,5004093
8,132,search,7768.08,2177.63,0.65513,0.9215,0.105847,-1.0,-1.0,38.684,2.22253,2253,5004093
8,133,delete,15.394,-1.0,-1.0,-1.0,-1.0,53.829,2.22124,2251,4991787
8,134,search,6701.67,2171.67,0.804316,0.92154,0.105829,-1.0,-1.0,34.674,2.22124,2251,4991787
8,135,delete,12.995,-1.0,-1.0,-1.0,-1.0,74.343,2.21864,2248,4974857
8,136,search,7085.72,2165.1,0.859149,0.92153,0.105502,-1.0,-1.0,26.391,2.21864,2248,4974857
8,137,delete,3.77,-1.0,-1.0,-1.0,-1.0,25.479,2.21864,2248,4971386
8,138,search,7208.63,2163.21,0.785935,0.92144,0.105715,-1.0,-1.0,38.403,2.21864,2248,4971386
8,139,delete,9.67,-1.0,-1.0,-1.0,-1.0,37.649,2.21864,2248,4963487
8,140,search,7705.17,2158.85,0.683466,0.92137,0.105704,-1.0,-1.0,37.723,2.21864,2248,4963487
8,141,delete,23.182,-1.0,-1.0,-1.0,-1.0,80.88,2.21502,2242,4941830
8,142,search,7775.59,2152.13,0.669927,0.92127,0.105854,-1.0,-1.0,37.55,2.21502,2242,4941830
8,143,delete,17.744,-1.0,-1.0,-1.0,-1.0,88.389,2.21103,2238,4925657
8,144,search,7750.08,2148.97,0.653724,0.92122,0.106047,-1.0,-1.0,37.699,2.21103,2238,4925657
8,145,delete,3.158,-1.0,-1.0,-1.0,-1.0,54.308,2.20993,2234,4922686
8,146,search,7712.17,2150.62,0.660421,0.92127,0.106081,-1.0,-1.0,39,2.20993,2234,4922686
8,147,delete,14.882,-1.0,-1.0,-1.0,-1.0,36.937,2.20993,2234,4913636
8,148,search,7730.15,2145.36,0.66315,0.92106,0.106189,-1.0,-1.0,39.756,2.20993,2234,4913636
8,149,delete,238.758,-1.0,-1.0,-1.0,-1.0,1269.57,2.13175,2130,4717250
8,150,search,7429.46,2156.56,0.630906,0.92091,0.106747,-1.0,-1.0,100.956,2.13338,2138,4717250
8,151,delete,161.725,-1.0,-1.0,-1.0,-1.0,1053.46,2.06482,2046,4560269
16,2,search,2817.57,37.5515,1.01605,0.8551,0.130106,-1.0,-1.0,9.901,0.0184881,1000,38806
16,3,insert,20.093,-1.0,-1.0,-1.0,-1.0,18.702,0.022655,996,49334
16,4,search,2732.33,63.4255,1.05145,0.86686,0.128427,-1.0,-1.0,19.63,0.0226615,993,49334
16,5,insert,42.354,-1.0,-1.0,-1.0,-1.0,208.22,0.033017,984,73557
16,6,search,2709.92,173.596,1.14988,0.92515,0.103785,-1.0,-1.0,165.305,0.0330521,985,73557
16,7,insert,84.96,-1.0,-1.0,-1.0,-1.0,159.301,0.0425699,987,95766
16,8,search,2733.96,221.115,1.01108,0.92467,0.103645,-1.0,-1.0,118.73,0.0428123,991,95766
16,9,insert,16.124,-1.0,-1.0,-1.0,-1.0,76.406,0.0446389,991,100025
16,10,search,2633.24,226.599,0.941417,0.925,0.102401,-1.0,-1.0,98.236,0.0447131,996,100025
16,11,insert,33.207,-1.0,-1.0,-1.0,-1.0,83.788,0.0498507,997,111417
16,12,search,2746.25,260.601,0.888242,0.92407,0.103321,-1.0,-1.0,36.232,0.0498804,998,111417
16,13,insert,69.913,-1.0,-1.0,-1.0,-1.0,14.412,0.0612045,1000,137139
16,14,search,2794.07,295.052,0.772953,0.92074,0.105501,-1.0,-1.0,39.099,0.06132,1003,137139
16,15,insert,67.323,-1.0,-1.0,-1.0,-1.0,21.626,0.0698961,1005,156710
16,16,search,2786.13,322.174,0.747958,0.91771,0.106381,-1.0,-1.0,32.804,0.0698982,1009,156710
16,17,insert,16.874,-1.0,-1.0,-1.0,-1.0,18.425,0.0718627,1011,161773
16,18,search,2776.61,328.292,0.79122,0.91744,0.107279,-1.0,-1.0,24.74,0.0720365,1015,161773
16,19,insert,63.682,-1.0,-1.0,-1.0,-1.0,14.765,0.0789864,1016,177161
16,20,search,2861.3,361.6,0.81055,0.92123,0.103851,-1.0,-1.0,8.506,0.0789864,1016,177161
16,21,insert,516.636,-1.0,-1.0,-1.0,-1.0,297.165,0.202475,1087,448898
16,22,search,3036.86,703.72,0.583757,0.90764,0.109503,-1.0,-1.0,137.383,0.202472,1107,448898
16,23,insert,737.783,-1.0,-1.0,-1.0,-1.0,352.994,0.329412,1173,733493
16,24,search,3282.01,955.037,0.61648,0.90117,0.11289,-1.0,-1.0,150.251,0.330087,1200,733493
16,25,insert,72.504,-1.0,-1.0,-1.0,-1.0,40.715,0.346546,1208,777443
16,26,search,3367.46,919.947,0.617036,0.89993,0.114372,-1.0,-1.0,49.409,0.34667,1216,777443
16,27,insert,62.555,-1.0,-1.0,-1.0,-1.0,19.055,0.358247,1217,805394
16,28,search,3338.27,927.827,0.585935,0.89987,0.11462,-1.0,-1.0,15.156,0.358252,1218,805394
16,29,insert,137.986,-1.0,-1.0,-1.0,-1.0,89.811,0.385584,1232,866391
16,30,search,3388.86,971.62,0.664151,0.90176,0.114279,-1.0,-1.0,53.422,0.385866,1238,866391
16,31,insert,794.46,-1.0,-1.0,-1.0,-1.0,428.749,0.554962,1313,1239816
16,32,search,3672.23,1205.18,0.62597,0.89529,0.119038,-1.0,-1.0,156.606,0.555114,1325,1239816
16,33,insert,134.751,-1.0,-1.0,-1.0,-1.0,40.655,0.574731,1332,1291211
16,34,search,3754.63,1209.75,0.58402,0.89595,0.118634,-1.0,-1.0,96.799,0.574907,1339,1291211
16,35,insert,66.629,-1.0,-1.0,-1.0,-1.0,45.457,0.586082,1348,1324978
16,36,search,3736.79,1223.14,0.623036,0.89787,0.116258,-1.0,-1.0,52.92,0.586082,1352,1324978
16,37,insert,92.917,-1.0,-1.0,-1.0,-1.0,35.545,0.606319,1355,1371885
16,38,search,3778.56,1250.97,0.607034,0.89722,0.117355,-1.0,-1.0,25.115,0.606319,1357,1371885
16,39,insert,18.239,-1.0,-1.0,-1.0,-1.0,15.538,0.610146,1359,1379335
16,40,search,3809.96,1247.57,0.574779,0.89679,0.118082,-1.0,-1.0,11.53,0.610146,1359,1379335
16,41,insert,71.735,-1.0,-1.0,-1.0,-1.0,40.759,0.624828,1364,1413312
16,42,search,3785.31,1269.57,0.644573,0.89786,0.117603,-1.0,-1.0,11.067,0.624828,1364,1413312
16,43,insert,18.626,-1.0,-1.0,-1.0,-1.0,16.044,0.628473,1366,1423411
16,44,search,3844.81,1274.95,0.602784,0.89774,0.117697,-1.0,-1.0,18.054,0.628473,1366,1423411
16,45,insert,341.749,-1.0,-1.0,-1.0,-1.0,46.519,0.644515,1374,1457559
16,46,search,3974.18,1292.36,0.458881,0.89947,0.116045,-1.0,-1.0,11.558,0.644515,1374,1457559
16,47,insert,506.119,-1.0,-1.0,-1.0,-1.0,308.225,0.748912,1415,1688593
16,48,search,3937.23,1415.03,0.643038,0.9027,0.115195,-1.0,-1.0,110.563,0.749405,1425,1688593
16,49,insert,62.741,-1.0,-1.0,-1.0,-1.0,31.081,0.763859,1428,1723505
16,50,search,4010.81,1419.92,0.610572,0.90368,0.114848,-1.0,-1.0,46.65,0.76386,1431,1723505
16,51,insert,503.026,-1.0,-1.0,-1.0,-1.0,266.592,0.904667,1483,2035040
16,52,search,4255.14,1585.05,0.5986,0.90786,0.111588,-1.0,-1.0,58.248,0.904667,1489,2035040
16,53,insert,79.282,-1.0,-1.0,-1.0,-1.0,56.206,0.921761,1495,2078341
16,54,search,4413.42,1593.68,0.523337,0.9077,0.112333,-1.0,-1.0,22.732,0.921763,1496,2078341
16,55,insert,726.496,-1.0,-1.0,-1.0,-1.0,520.786,1.06983,1569,2399905
16,56,search,4685.83,1727.96,0.526217,0.91008,0.112374,-1.0,-1.0,184.365,1.07079,1593,2399905
16,57,insert,43.863,-1.0,-1.0,-1.0,-1.0,35.983,1.07804,1597,2419836
16,58,search,4695.34,1687.35,0.560566,0.90881,0.113087,-1.0,-1.0,61.224,1.07806,1602,2419836
16,59,insert,317.248,-1.0,-1.0,-1.0,-1.0,239.614,1.17733,1620,2643083
16,60,search,4634.47,1730.57,0.613968,0.90048,0.123551,-1.0,-1.0,74.559,1.17747,1625,2643083
16,61,insert,14.966,-1.0,-1.0,-1.0,-1.0,23.928,1.18108,1628,2653064
16,62,search,4654.67,1721.19,0.613519,0.90039,0.123363,-1.0,-1.0,46.007,1.18108,1629,2653064
16,63,insert,6.906,-1.0,-1.0,-1.0,-1.0,13.393,1.18216,1629,2656118
16,64,search,4793.88,1723.34,0.546362,0.90053,0.123248,-1.0,-1.0,14.845,1.18216,1629,2656118
16,65,insert,155.212,-1.0,-1.0,-1.0,-1.0,138.071,1.21245,1655,2723424
16,66,search,4569.15,1743.68,0.659975,0.90144,0.122511,-1.0,-1.0,21.439,1.21245,1656,2723424
16,67,insert,74.376,-1.0,-1.0,-1.0,-1.0,73.182,1.23228,1667,2769021
16,68,search,4814.98,1763.99,0.582264,0.90307,0.121137,-1.0,-1.0,23.424,1.23238,1669,2769021
16,69,insert,83.006,-1.0,-1.0,-1.0,-1.0,77.04,1.2549,1680,2821777
16,70,search,4823.18,1777.17,0.596263,0.90506,0.119497,-1.0,-1.0,32.98,1.2549,1682,2821777
16,71,insert,18.471,-1.0,-1.0,-1.0,-1.0,28.471,1.25961,1685,2834921
16,72,search,4834.46,1783.22,0.594418,0.90494,0.119449,-1.0,-1.0,15.635,1.25961,1685,2834921
16,73,insert,12.026,-1.0,-1.0,-1.0,-1.0,20.782,1.26303,1686,2842044
16,74,search,4834.28,1785.39,0.583287,0.905,0.119417,-1.0,-1.0,15.543,1.26303,1686,2842044
16,75,insert,26.46,-1.0,-1.0,-1.0,-1.0,27.639,1.26892,1688,2858890
16,76,search,4887.8,1792.61,0.591188,0.90584,0.118653,-1.0,-1.0,20.843,1.26908,1689,2858890
16,77,insert,43.241,-1.0,-1.0,-1.0,-1.0,14.605,1.27934,1689,2882818
16,78,search,4886.24,1803.27,0.609436,0.90539,0.119204,-1.0,-1.0,26.663,1.27934,1689,2882818
16,79,insert,548.593,-1.0,-1.0,-1.0,-1.0,24.469,1.30775,1691,2947806
16,80,search,4940.3,1833.42,0.556805,0.90537,0.119374,-1.0,-1.0,16.126,1.30775,1691,2947806
16,81,insert,58.835,-1.0,-1.0,-1.0,-1.0,38.402,1.31962,1694,2976895
16,82,search,4972.19,1845.27,0.548699,0.90738,0.117193,-1.0,-1.0,39.754,1.31985,1696,2976895
16,83,insert,32.489,-1.0,-1.0,-1.0,-1.0,53.262,1.32589,1700,2990682
16,84,search,5002.44,1842.46,0.553189,0.90769,0.116807,-1.0,-1.0,22.656,1.32593,1701,2990682
16,85,insert,59.175,-1.0,-1.0,-1.0,-1.0,42.931,1.33998,1705,3025613
16,86,search,4898.37,1855.52,0.60492,0.90778,0.116864,-1.0,-1.0,16.583,1.33998,1705,3025613
16,87,insert,767.31,-1.0,-1.0,-1.0,-1.0,684.167,1.54372,1807,3468632
16,88,search,5398.51,1996.52,0.576777,0.91163,0.112764,-1.0,-1.0,133.81,1.54408,1823,3468632
16,89,insert,512.088,-1.0,-1.0,-1.0,-1.0,533.546,1.70224,1914,3831692
16,90,search,5632.56,2058.69,0.576022,0.91581,0.108058,-1.0,-1.0,114.917,1.70308,1927,3831692
16,91,insert,45.967,-1.0,-1.0,-1.0,-1.0,53.022,1.71469,1932,3864067
16,92,search,5655.79,2053.73,0.592965,0.91599,0.108021,-1.0,-1.0,28.66,1.71469,1932,3864067
16,93,insert,320.686,-1.0,-1.0,-1.0,-1.0,230.135,1.81799,1965,4103827
16,94,search,5849.83,2117.22,0.577777,0.91615,0.108323,-1.0,-1.0,118.236,1.81868,1972,4103827
16,95,insert,35.635,-1.0,-1.0,-1.0,-1.0,55.287,1.82467,1975,4119898
16,96,search,5938.31,2115.66,0.581457,0.91673,0.107949,-1.0,-1.0,44.931,1.82495,1977,4119898
16,97,insert,20.705,-1.0,-1.0,-1.0,-1.0,37.086,1.82902,1978,4129367
16,98,search,5872.13,2114.62,0.6034,0.91663,0.10783,-1.0,-1.0,31.66,1.82902,1978,4129367
16,99,insert,12.325,-1.0,-1.0,-1.0,-1.0,30.61,1.83103,1978,4134502
16,100,search,5820.14,2116.75,0.625382,0.91668,0.107799,-1.0,-1.0,31.27,1.83103,1978,4134502
16,101,insert,57.475,-1.0,-1.0,-1.0,-1.0,47.831,1.84334,1981,4164482
16,102,search,5738.46,2129.3,0.62206,0.91707,0.107525,-1.0,-1.0,46.131,1.8436,1983,4164482
16,103,insert,25.27,-1.0,-1.0,-1.0,-1.0,48.071,1.85038,1986,4178601
16,104,search,5793.29,2132.74,0.600731,0.91713,0.107535,-1.0,-1.0,37.711,1.85056,1987,4178601
16,105,insert,11.873,-1.0,-1.0,-1.0,-1.0,40.594,1.85378,1989,4187774
16,106,search,5753.62,2131.1,0.569714,0.91732,0.107382,-1.0,-1.0,36.792,1.85381,1990,4187774
16,107,insert,26.384,-1.0,-1.0,-1.0,-1.0,30.471,1.85976,1990,4200109
16,108,search,5682.18,2135.19,0.623803,0.91701,0.107663,-1.0,-1.0,34.446,1.85976,1990,4200109
16,109,insert,698.569,-1.0,-1.0,-1.0,-1.0,651.196,2.02263,2074,4557867
16,110,search,6199.29,2207.29,0.574436,0.91943,0.10517,-1.0,-1.0,158.412,2.02343,2086,4557867
16,111,insert,55.811,-1.0,-1.0,-1.0,-1.0,83.162,2.03652,2095,4587252
16,112,search,6339.84,2194.57,0.550224,0.91987,0.10465,-1.0,-1.0,36.396,2.03652,2095,4587252
16,113,insert,20.809,-1.0,-1.0,-1.0,-1.0,44.662,2.04163,2096,4600056
16,114,search,6309.39,2199.62,0.575326,0.91998,0.104612,-1.0,-1.0,35.985,2.04163,2096,4600056
16,115,insert,44.993,-1.0,-1.0,-1.0,-1.0,68.986,2.05195,2101,4627422
16,116,search,6311.47,2207.42,0.571418,0.92046,0.104585,-1.0,-1.0,43.334,2.05201,2102,4627422
16,117,insert,16.663,-1.0,-1.0,-1.0,-1.0,42.2,2.05581,2103,4639292
16,118,search,6202.23,2212.04,0.559177,0.92044,0.104345,-1.0,-1.0,36.269,2.05581,2103,4639292
16,119,insert,5.425,-1.0,-1.0,-1.0,-1.0,42.443,2.05725,2104,4643423
16,120,search,6225.6,2213.47,0.586058,0.92051,0.104244,-1.0,-1.0,40.686,2.05725,2104,4643423
16,121,insert,32.965,-1.0,-1.0,-1.0,-1.0,53.254,2.06358,2106,4657252
16,122,search,6425.24,2217.93,0.5072,0.9205,0.104241,-1.0,-1.0,39.496,2.06358,2106,4657252
16,123,insert,561.921,-1.0,-1.0,-1.0,-1.0,518.741,2.1905,2161,4938477
16,124,search,6533.45,2265.37,0.551593,0.92145,0.104814,-1.0,-1.0,257.183,2.19091,2180,4938477
16,125,insert,104.858,-1.0,-1.0,-1.0,-1.0,86.276,2.20755,2187,4980492
16,126,search,6526.68,2250.4,0.542127,0.92186,0.104236,-1.0,-1.0,101.913,2.2078,2194,4980492
16,127,insert,82.796,-1.0,-1.0,-1.0,-1.0,128.381,2.22715,2212,5030515
16,128,search,6541.78,2244.59,0.576165,0.92202,0.104444,-1.0,-1.0,44.99,2.22733,2213,5030515
16,129,delete,21.272,-1.0,-1.0,-1.0,-1.0,71.383,2.22527,2179,5009391
16,130,search,6402.65,2244.97,0.573326,0.92079,0.105098,-1.0,-1.0,37.724,2.22527,2179,5009391
16,131,delete,6.096,-1.0,-1.0,-1.0,-1.0,37.006,2.22527,2179,5004093
16,132,search,6416.31,2244.82,0.578844,0.92087,0.105065,-1.0,-1.0,37.375,2.22527,2179,5004093
16,133,delete,13.569,-1.0,-1.0,-1.0,-1.0,44.018,2.22464,2178,4991787
16,134,search,6425.04,2236.06,0.550619,0.92082,0.105179,-1.0,-1.0,37.412,2.22464,2178,4991787
16,135,delete,18.85,-1.0,-1.0,-1.0,-1.0,67.414,2.22224,2175,4974857
16,136,search,6478.56,2229.62,0.596052,0.92079,0.105335,-1.0,-1.0,42.323,2.22224,2175,4974857
16,137,delete,10.507,-1.0,-1.0,-1.0,-1.0,37.488,2.22224,2175,4971386
16,138,search,6488.41,2227.44,0.549725,0.92081,0.105383,-1.0,-1.0,38.477,2.22224,2175,4971386
16,139,delete,12.554,-1.0,-1.0,-1.0,-1.0,37.799,2.22224,2175,4963487
16,140,search,6559.85,2222.19,0.558919,0.9207,0.105432,-1.0,-1.0,37.391,2.22224,2175,4963487
16,141,delete,28.797,-1.0,-1.0,-1.0,-1.0,107.622,2.21712,2168,4941830
16,142,search,6393.39,2216.68,0.612253,0.92065,0.105705,-1.0,-1.0,37.301,2.21712,2168,4941830
16,143,delete,19.598,-1.0,-1.0,-1.0,-1.0,112.971,2.21238,2164,4925657
16,144,search,6385.35,2214.98,0.550079,0.92038,0.105724,-1.0,-1.0,37.345,2.21238,2164,4925657
16,145,delete,3.585,-1.0,-1.0,-1.0,-1.0,48.467,2.21133,2162,4922686
16,146,search,6366.52,2215.54,0.598512,0.92003,0.105917,-1.0,-1.0,37.584,2.21133,2162,4922686
16,147,delete,10.237,-1.0,-1.0,-1.0,-1.0,36.012,2.21133,2162,4913636
16,148,search,6396.97,2210.63,0.613517,0.92003,0.105861,-1.0,-1.0,37.44,2.21133,2162,4913636
16,149,delete,229.895,-1.0,-1.0,-1.0,-1.0,1408.22,2.1276,2050,4717250
16,150,search,6129.75,2240.28,0.598705,0.91978,0.106231,-1.0,-1.0,70.144,2.12806,2055,4717250
16,151,delete,179.278,-1.0,-1.0,-1.0,-1.0,1164.6,2.0563,1956,4560269
32,2,search,3152.99,37.5515,1.09161,0.8551,0.130106,-1.0,-1.0,9.845,0.0184881,1000,38806
32,3,insert,20.979,-1.0,-1.0,-1.0,-1.0,18.146,0.022655,996,49334
32,4,search,2809.98,63.4255,0.677353,0.86686,0.128427,-1.0,-1.0,19.314,0.0226615,993,49334
32,5,insert,37.142,-1.0,-1.0,-1.0,-1.0,173.187,0.032935,982,73557
32,6,search,2751.87,175.313,0.777635,0.92586,0.10314,-1.0,-1.0,123.81,0.032935,982,73557
32,7,insert,49.092,-1.0,-1.0,-1.0,-1.0,129.267,0.0426217,983,95766
32,8,search,2761.65,222.921,0.667287,0.92535,0.103423,-1.0,-1.0,86.385,0.0426805,984,95766
32,9,insert,8.69,-1.0,-1.0,-1.0,-1.0,77.525,0.0446446,984,100025
32,10,search,2773.43,232.551,0.729023,0.92768,0.100456,-1.0,-1.0,25.301,0.0450518,985,100025
32,11,insert,18.085,-1.0,-1.0,-1.0,-1.0,12.179,0.0496924,986,111417
32,12,search,2791.95,268.048,0.665201,0.92761,0.101391,-1.0,-1.0,24.448,0.0498906,988,111417
32,13,insert,41.374,-1.0,-1.0,-1.0,-1.0,12.136,0.0611151,989,137139
32,14,search,2807.11,307.155,0.609106,0.9233,0.103527,-1.0,-1.0,10.343,0.0611151,989,137139
32,15,insert,36.061,-1.0,-1.0,-1.0,-1.0,9.942,0.0697011,989,156710
32,16,search,2841.7,343.221,0.560725,0.92311,0.103114,-1.0,-1.0,10.494,0.0697011,989,156710
32,17,insert,9.865,-1.0,-1.0,-1.0,-1.0,9.443,0.0717366,989,161773
32,18,search,2886.36,363.437,0.547855,0.92423,0.103307,-1.0,-1.0,10.559,0.0717366,989,161773
32,19,insert,65.892,-1.0,-1.0,-1.0,-1.0,20.761,0.0787309,992,177161
32,20,search,2889.06,396.114,0.56205,0.92696,0.100685,-1.0,-1.0,12.274,0.0787309,992,177161
32,21,insert,613.371,-1.0,-1.0,-1.0,-1.0,156.316,0.198936,1009,448898
32,22,search,2955.49,898.062,0.504195,0.92019,0.101747,-1.0,-1.0,61.885,0.199224,1013,448898
32,23,insert,783.995,-1.0,-1.0,-1.0,-1.0,366.396,0.328246,1049,733493
32,24,search,3063.41,1264.86,0.457447,0.91566,0.104648,-1.0,-1.0,68.485,0.328244,1056,733493
32,25,insert,87.178,-1.0,-1.0,-1.0,-1.0,18.538,0.346121,1057,777443
32,26,search,3066.36,1290.03,0.480837,0.91614,0.104417,-1.0,-1.0,17.395,0.346121,1057,777443
32,27,insert,94.104,-1.0,-1.0,-1.0,-1.0,29.762,0.3581,1059,805394
32,28,search,3068.55,1315.35,0.466007,0.91624,0.1045,-1.0,-1.0,10.929,0.3581,1059,805394
32,29,insert,119.32,-1.0,-1.0,-1.0,-1.0,60.289,0.384547,1064,866391
32,30,search,3082.21,1381.23,0.469378,0.91804,0.103832,-1.0,-1.0,32.417,0.384547,1066,866391
32,31,insert,690.271,-1.0,-1.0,-1.0,-1.0,551.883,0.555044,1126,1239816
32,32,search,3345.37,1680.42,0.478118,0.90916,0.109836,-1.0,-1.0,183.371,0.555051,1135,1239816
32,33,insert,145.198,-1.0,-1.0,-1.0,-1.0,11.551,0.575612,1135,1291211
32,34,search,3333.53,1687.35,0.433124,0.90883,0.110004,-1.0,-1.0,82.311,0.57563,1139,1291211
32,35,insert,64.531,-1.0,-1.0,-1.0,-1.0,44.355,0.586911,1144,1324978
32,36,search,3261.72,1714.62,0.471049,0.90924,0.109507,-1.0,-1.0,67.516,0.587002,1150,1324978
32,37,insert,79.106,-1.0,-1.0,-1.0,-1.0,56.05,0.606628,1156,1371885
32,38,search,3335.41,1731.06,0.451322,0.90906,0.109021,-1.0,-1.0,17.922,0.606627,1157,1371885
32,39,insert,15.853,-1.0,-1.0,-1.0,-1.0,9.873,0.610073,1157,1379335
32,40,search,3366.05,1736.66,0.535322,0.90916,0.109617,-1.0,-1.0,10.584,0.610073,1157,1379335
32,41,insert,62.141,-1.0,-1.0,-1.0,-1.0,31.523,0.62424,1160,1413312
32,42,search,3374.14,1764.83,0.504377,0.91017,0.109498,-1.0,-1.0,17.55,0.62424,1160,1413312
32,43,insert,38.567,-1.0,-1.0,-1.0,-1.0,20.237,0.628433,1161,1423411
32,44,search,3397.31,1773.5,0.439306,0.91018,0.109458,-1.0,-1.0,10.994,0.628433,1161,1423411
32,45,insert,260.44,-1.0,-1.0,-1.0,-1.0,42.571,0.643658,1167,1457559
32,46,search,3373.22,1785.09,0.463988,0.91056,0.108557,-1.0,-1.0,11.086,0.643658,1167,1457559
32,47,insert,423.869,-1.0,-1.0,-1.0,-1.0,273.435,0.749948,1194,1688593
32,48,search,3471.22,1937.53,0.447244,0.91201,0.10815,-1.0,-1.0,105.543,0.750168,1203,1688593
32,49,insert,49.99,-1.0,-1.0,-1.0,-1.0,38.076,0.763668,1206,1723505
32,50,search,3454.73,1934.4,0.527042,0.91174,0.108089,-1.0,-1.0,38.551,0.763668,1208,1723505
32,51,insert,429.602,-1.0,-1.0,-1.0,-1.0,352.086,0.904785,1256,2035040
32,52,search,3628.58,2095.1,0.483117,0.91372,0.107114,-1.0,-1.0,67.437,0.904813,1264,2035040
32,53,insert,58.234,-1.0,-1.0,-1.0,-1.0,24.359,0.921852,1266,2078341
32,54,search,3615.88,2107.39,0.533986,0.91343,0.10822,-1.0,-1.0,18.975,0.921959,1267,2078341
32,55,insert,375.731,-1.0,-1.0,-1.0,-1.0,455.464,1.07141,1320,2399905
32,56,search,3779.43,2280.94,0.495227,0.91403,0.108017,-1.0,-1.0,134.108,1.07164,1336,2399905
32,57,insert,25.53,-1.0,-1.0,-1.0,-1.0,15.967,1.07834,1337,2419836
32,58,search,3829.07,2236.79,0.55455,0.91346,0.10874,-1.0,-1.0,88.426,1.07835,1344,2419836
32,59,insert,407.146,-1.0,-1.0,-1.0,-1.0,214.552,1.17965,1359,2643083
32,60,search,3961.96,2306.28,0.41845,0.90639,0.11691,-1.0,-1.0,60.34,1.18002,1362,2643083
32,61,insert,15.277,-1.0,-1.0,-1.0,-1.0,16.61,1.18332,1363,2653064
32,62,search,3877.72,2308.89,0.487889,0.90677,0.116483,-1.0,-1.0,28.438,1.18332,1364,2653064
32,63,insert,6.116,-1.0,-1.0,-1.0,-1.0,17.528,1.18481,1365,2656118
32,64,search,3921.93,2306.46,0.506081,0.90661,0.116879,-1.0,-1.0,24.976,1.18481,1366,2656118
32,65,insert,97.344,-1.0,-1.0,-1.0,-1.0,112.638,1.21099,1381,2723424
32,66,search,4021.02,2335.2,0.482632,0.90789,0.116034,-1.0,-1.0,11.671,1.21099,1381,2723424
32,67,insert,56.494,-1.0,-1.0,-1.0,-1.0,77.504,1.23026,1390,2769021
32,68,search,3992.36,2361.96,0.528996,0.90906,0.115757,-1.0,-1.0,19.219,1.23026,1391,2769021
32,69,insert,70.921,-1.0,-1.0,-1.0,-1.0,102.063,1.25386,1404,2821777
32,70,search,3990.65,2375.91,0.517398,0.91096,0.113715,-1.0,-1.0,19.771,1.25386,1405,2821777
32,71,insert,22.685,-1.0,-1.0,-1.0,-1.0,23.472,1.26051,1407,2834921
32,72,search,4031.11,2385.71,0.547386,0.91158,0.113305,-1.0,-1.0,12.195,1.26051,1407,2834921
32,73,insert,12.922,-1.0,-1.0,-1.0,-1.0,17.428,1.26464,1408,2842044
32,74,search,4043.87,2386.59,0.519457,0.91154,0.113341,-1.0,-1.0,11.952,1.26464,1408,2842044
32,75,insert,26.402,-1.0,-1.0,-1.0,-1.0,36.801,1.27259,1412,2858890
32,76,search,3320.32,2390.01,0.488242,0.91143,0.113519,-1.0,-1.0,7.408,1.27259,1412,2858890
32,77,insert,19.017,-1.0,-1.0,-1.0,-1.0,14.661,1.28196,1414,2882818
32,78,search,2979.92,2401,0.631615,0.91117,0.113574,-1.0,-1.0,7.223,1.28196,1414,2882818
32,79,insert,319.671,-1.0,-1.0,-1.0,-1.0,21.851,1.3102,1418,2947806
32,80,search,2981.07,2428.15,0.600424,0.91101,0.114224,-1.0,-1.0,7.528,1.3102,1418,2947806
32,81,insert,21.277,-1.0,-1.0,-1.0,-1.0,39.747,1.32343,1426,2976895
32,82,search,3006.92,2431.06,0.642677,0.91189,0.11401,-1.0,-1.0,7.46,1.32343,1426,2976895
32,83,insert,10.895,-1.0,-1.0,-1.0,-1.0,15.845,1.32988,1428,2990682
32,84,search,3010.46,2438.48,0.60147,0.91265,0.113296,-1.0,-1.0,7.278,1.32988,1428,2990682
32,85,insert,22.524,-1.0,-1.0,-1.0,-1.0,48.272,1.34419,1438,3025613
32,86,search,3073.21,2438.24,0.554873,0.91303,0.113119,-1.0,-1.0,9.622,1.34419,1438,3025613
32,87,insert,449.234,-1.0,-1.0,-1.0,-1.0,564.093,1.54861,1539,3468632
32,88,search,3326.41,2555.12,0.578607,0.91498,0.110661,-1.0,-1.0,109.324,1.54901,1552,3468632
32,89,insert,412.742,-1.0,-1.0,-1.0,-1.0,430.639,1.70968,1636,3831692
32,90,search,3549.71,2612.39,0.521716,0.91902,0.105289,-1.0,-1.0,49.236,1.70996,1646,3831692
32,91,insert,20.308,-1.0,-1.0,-1.0,-1.0,34.443,1.72081,1653,3864067
32,92,search,3441.92,2601.47,0.653902,0.9191,0.105075,-1.0,-1.0,18.533,1.72109,1655,3864067
32,93,insert,160.597,-1.0,-1.0,-1.0,-1.0,162.336,1.82303,1691,4103827
32,94,search,3578.61,2669.61,0.631089,0.91971,0.103989,-1.0,-1.0,26.195,1.82325,1695,4103827
32,95,insert,10.488,-1.0,-1.0,-1.0,-1.0,29.344,1.82952,1701,4119898
32,96,search,3598.81,2662.1,0.623401,0.9204,0.103501,-1.0,-1.0,9.745,1.82952,1701,4119898
32,97,insert,6.098,-1.0,-1.0,-1.0,-1.0,12.916,1.83247,1702,4129367
32,98,search,3583.04,2667.15,0.582576,0.92056,0.103148,-1.0,-1.0,14.945,1.83254,1703,4129367
32,99,insert,4.394,-1.0,-1.0,-1.0,-1.0,13.348,1.83469,1704,4134502
32,100,search,3592.21,2667.44,0.600535,0.92049,0.103347,-1.0,-1.0,10.132,1.83469,1704,4134502
32,101,insert,21.561,-1.0,-1.0,-1.0,-1.0,39.122,1.84626,1711,4164482
32,102,search,3557.15,2673.6,0.609146,0.92077,0.103167,-1.0,-1.0,15.253,1.84628,1712,4164482
32,103,insert,8.822,-1.0,-1.0,-1.0,-1.0,29.006,1.8516,1717,4178601
32,104,search,3632.88,2676.3,0.611925,0.92106,0.103053,-1.0,-1.0,10.378,1.8516,1717,4178601
32,105,insert,5.905,-1.0,-1.0,-1.0,-1.0,17.712,1.8554,1719,4187774
32,106,search,3622.74,2679,0.634476,0.92095,0.10334,-1.0,-1.0,10.613,1.8554,1719,4187774
32,107,insert,10.507,-1.0,-1.0,-1.0,-1.0,10.284,1.8605,1719,4200109
32,108,search,3496.85,2680.74,0.631482,0.9208,0.103615,-1.0,-1.0,10.286,1.8605,1719,4200109
32,109,insert,236.43,-1.0,-1.0,-1.0,-1.0,414.991,2.0182,1797,4557867
32,110,search,3824.08,2751.86,0.624412,0.92327,0.101187,-1.0,-1.0,44.082,2.01856,1804,4557867
32,111,insert,18.026,-1.0,-1.0,-1.0,-1.0,48.553,2.03147,1813,4587252
32,112,search,3824.64,2751.52,0.596598,0.92369,0.100851,-1.0,-1.0,17.616,2.03154,1814,4587252
32,113,insert,7.503,-1.0,-1.0,-1.0,-1.0,28.71,2.03675,1818,4600056
32,114,search,3826.58,2750.43,0.631511,0.92397,0.100526,-1.0,-1.0,18.993,2.03675,1818,4600056
32,115,insert,32.211,-1.0,-1.0,-1.0,-1.0,54.411,2.04892,1827,4627422
32,116,search,3887.49,2752.19,0.589801,0.9246,0.100227,-1.0,-1.0,17.399,2.04916,1828,4627422
32,117,insert,9.807,-1.0,-1.0,-1.0,-1.0,25.725,2.05452,1830,4639292
32,118,search,3888.31,2755.85,0.612499,0.92452,0.10023,-1.0,-1.0,17.042,2.05452,1830,4639292
32,119,insert,4.54,-1.0,-1.0,-1.0,-1.0,23.543,2.05697,1832,4643423
32,120,search,3890.01,2752.58,0.571857,0.92452,0.10017,-1.0,-1.0,14.071,2.05697,1832,4643423
32,121,insert,10.759,-1.0,-1.0,-1.0,-1.0,28.499,2.06233,1835,4657252
32,122,search,3879.81,2756.35,0.610568,0.92474,0.10008,-1.0,-1.0,14.884,2.06233,1835,4657252
32,123,insert,265.918,-1.0,-1.0,-1.0,-1.0,302.129,2.19105,1883,4938477
32,124,search,4018.88,2812.42,0.624501,0.92523,0.101005,-1.0,-1.0,127.475,2.19167,1896,4938477
32,125,insert,49.845,-1.0,-1.0,-1.0,-1.0,43.173,2.20899,1902,4980492
32,126,search,4048.5,2810.72,0.593577,0.92576,0.100583,-1.0,-1.0,57.557,2.20909,1909,4980492
32,127,insert,40.787,-1.0,-1.0,-1.0,-1.0,59.317,2.22996,1920,5030515
32,128,search,4076.3,2815.91,0.645079,0.92675,0.0998028,-1.0,-1.0,25.699,2.23018,1922,5030515
32,129,delete,11.287,-1.0,-1.0,-1.0,-1.0,30.707,2.22864,1893,5009391
32,130,search,4016.26,2813.58,0.615433,0.92526,0.100871,-1.0,-1.0,16.425,2.22864,1893,5009391
32,131,delete,3.149,-1.0,-1.0,-1.0,-1.0,15.971,2.22864,1893,5004093
32,132,search,3984.39,2809.86,0.61735,0.92521,0.100976,-1.0,-1.0,15.833,2.22864,1893,5004093
32,133,delete,7.07,-1.0,-1.0,-1.0,-1.0,15.629,2.22828,1893,4991787
32,134,search,4045.95,2797.66,0.616977,0.92532,0.101013,-1.0,-1.0,18.564,2.22828,1893,4991787
32,135,delete,22.934,-1.0,-1.0,-1.0,-1.0,48.688,2.22478,1889,4974857
32,136,search,4050.92,2791.07,0.603725,0.92538,0.100812,-1.0,-1.0,20.261,2.2249,1890,4974857
32,137,delete,2.717,-1.0,-1.0,-1.0,-1.0,16.051,2.2249,1890,4971386
32,138,search,4037.52,2785.44,0.647033,0.92526,0.100989,-1.0,-1.0,16.75,2.2249,1890,4971386
32,139,delete,8.05,-1.0,-1.0,-1.0,-1.0,16.303,2.2249,1890,4963487
32,140,search,4037.92,2779.6,0.634301,0.92523,0.100936,-1.0,-1.0,16.247,2.2249,1890,4963487
32,141,delete,15.493,-1.0,-1.0,-1.0,-1.0,62.528,2.22014,1885,4941830
32,142,search,4041.46,2771.32,0.677359,0.92509,0.100993,-1.0,-1.0,26.282,2.22022,1886,4941830
32,143,delete,16.51,-1.0,-1.0,-1.0,-1.0,45.137,2.21621,1883,4925657
32,144,search,4060.78,2764.64,0.623418,0.9251,0.101059,-1.0,-1.0,16.361,2.21621,1883,4925657
32,145,delete,2.121,-1.0,-1.0,-1.0,-1.0,18.728,2.21579,1882,4922686
32,146,search,4025.03,2763.33,0.612749,0.92487,0.10134,-1.0,-1.0,16.643,2.21579,1882,4922686
32,147,delete,6.556,-1.0,-1.0,-1.0,-1.0,15.995,2.21579,1882,4913636
32,148,search,4073.35,2756.05,0.625526,0.92488,0.101322,-1.0,-1.0,19.815,2.21579,1882,4913636
32,149,delete,184.94,-1.0,-1.0,-1.0,-1.0,733.934,2.13643,1798,4717250
32,150,search,3881.7,2759.03,0.547399,0.92341,0.102958,-1.0,-1.0,43.829,2.13711,1804,4717250
32,151,delete,107.072,-1.0,-1.0,-1.0,-1.0,609.644,2.06459,1728,4560269
