nprobe_percentage,step_num,step_type,latency_ms,recall_mean,recall_std_dev,mainteance_ms,index_mem_gb
0.95,2,search,9523.51,0.99971,0.00556076,9.033,0.0183461
0.95,3,insert,18.725,-1.0,-1.0,0.0,0.0223849
0.95,4,search,8441.92,0.9998,0.00468646,29.819,0.0224592
0.95,5,insert,32.874,-1.0,-1.0,0.0,0.0330443
0.95,6,search,8228.4,0.99993,0.0026449,105.336,0.0329754
0.95,7,insert,45.215,-1.0,-1.0,0.0,0.0423855
0.95,8,search,8388.71,0.99993,0.00264495,182.055,0.0422158
0.95,9,insert,5.194,-1.0,-1.0,0.0,0.0442806
0.95,10,search,8559.42,0.99992,0.00282753,132.976,0.0443737
0.95,11,insert,11.98,-1.0,-1.0,0.0,0.0493843
0.95,12,search,9087.21,0.99992,0.00282753,260.257,0.0494251
0.95,13,insert,45.997,-1.0,-1.0,0.0,0.0606586
0.95,14,search,9818.98,0.99994,0.0024489,337.415,0.0607059
0.95,15,insert,26.07,-1.0,-1.0,0.0,0.0692592
0.95,16,search,10597.9,0.99995,0.0022356,382.59,0.0695305
0.95,17,insert,5.274,-1.0,-1.0,0.0,0.0716848
0.95,18,search,10780.6,0.99996,0.00199968,215.298,0.0714449
0.95,19,insert,44.155,-1.0,-1.0,0.0,0.0780512
0.95,20,search,11964.3,0.99993,0.00264493,341.831,0.0780985
0.95,21,insert,463.795,-1.0,-1.0,0.0,0.19728
0.95,22,search,13010.3,0.99996,0.00199969,1886.63,0.196769
0.95,23,insert,480.486,-1.0,-1.0,0.0,0.320353
0.95,24,search,17137.2,0.99995,0.00223565,3961.6,0.322334
0.95,25,insert,63.865,-1.0,-1.0,0.0,0.34112
0.95,26,search,23845.3,0.99992,0.00282754,3079.21,0.341868
0.95,27,insert,48.103,-1.0,-1.0,0.0,0.353831
0.95,28,search,30776.5,0.99989,0.00331516,2836.04,0.354129
0.95,29,insert,94.993,-1.0,-1.0,0.0,0.380489
0.95,30,search,37498.2,0.9999,0.00316067,2164.36,0.381163
0.95,31,insert,722.609,-1.0,-1.0,0.0,0.544157
0.95,32,search,40686.7,0.99991,0.00299873,6087.03,0.544795
0.95,33,insert,89.047,-1.0,-1.0,0.0,0.566606
0.95,34,search,49355.1,0.99991,0.00299873,4477.65,0.567682
0.95,35,insert,77.839,-1.0,-1.0,0.0,0.582318
0.95,36,search,54964.6,0.99993,0.00264507,2566.38,0.582666
0.95,37,insert,124.842,-1.0,-1.0,0.0,0.60306
0.95,38,search,59086.5,0.99993,0.00264507,1764.02,0.603237
0.95,39,insert,12.458,-1.0,-1.0,0.0,0.606432
0.95,40,search,62049,0.99993,0.00264507,679.175,0.606314
0.95,41,insert,83.216,-1.0,-1.0,0.0,0.621281
0.95,42,search,62419.7,0.99991,0.0029987,855.505,0.621315
0.95,43,insert,34.744,-1.0,-1.0,0.0,0.625901
0.95,44,search,63523,0.99992,0.00282754,705.264,0.625923
0.95,45,insert,391.399,-1.0,-1.0,0.0,0.640966
0.95,46,search,64143.8,0.99993,0.00264507,1095.75,0.641074
0.95,47,insert,609.552,-1.0,-1.0,0.0,0.741265
0.95,48,search,64732.8,0.99996,0.00199959,4215.21,0.742498
0.95,49,insert,76.004,-1.0,-1.0,0.0,0.75791
0.95,50,search,69199.4,0.99997,0.00173174,2198.96,0.758022
0.95,51,insert,697.786,-1.0,-1.0,0.0,0.893925
0.95,52,search,74107.5,0.99995,0.00223571,11123,0.894839
0.95,53,insert,122.635,-1.0,-1.0,0.0,0.913612
0.95,54,search,83606.8,0.99994,0.0024489,5471.53,0.913871
0.95,55,insert,795.383,-1.0,-1.0,0.0,1.05568
0.95,56,search,90278.6,0.99997,0.00173174,10166.5,1.05468
0.95,57,insert,75.956,-1.0,-1.0,0.0,1.06361
0.95,58,search,94437.6,0.99997,0.00173174,3955.38,1.06383
0.95,59,insert,594.061,-1.0,-1.0,0.0,1.16262
0.95,60,search,100894,0.99997,0.00173174,7526.01,1.16071
0.95,61,insert,42.304,-1.0,-1.0,0.0,1.16506
0.95,62,search,104385,0.99996,0.00199968,3178.89,1.16621
0.95,63,insert,10.664,-1.0,-1.0,0.0,1.16759
0.95,64,search,104833,0.99998,0.00141404,2165.31,1.16709
0.95,65,insert,316.078,-1.0,-1.0,0.0,1.19644
0.95,66,search,110058,1,0,4346.5,1.19691
0.95,67,insert,157.995,-1.0,-1.0,0.0,1.21721
0.95,68,search,113969,0.99999,0.00099998,2253.5,1.21744
0.95,69,insert,182.197,-1.0,-1.0,0.0,1.2402
0.95,70,search,114961,0.99999,0.00099998,2267.82,1.24028
0.95,71,insert,59.067,-1.0,-1.0,0.0,1.24644
0.95,72,search,115971,0.99999,0.00099998,1543.38,1.2464
0.95,73,insert,33.238,-1.0,-1.0,0.0,1.24954
0.95,74,search,114229,0.99999,0.00099998,1369.61,1.24958
0.95,75,insert,77.963,-1.0,-1.0,0.0,1.25679
0.95,76,search,115734,0.99999,0.00099998,1425.66,1.25653
0.95,77,insert,114.327,-1.0,-1.0,0.0,1.2672
0.95,78,search,115305,0.99999,0.00099998,1521.6,1.2671
0.95,79,insert,757.383,-1.0,-1.0,0.0,1.29592
0.95,80,search,119677,0.99998,0.00141406,2552.79,1.29577
0.95,81,insert,105.653,-1.0,-1.0,0.0,1.30792
0.95,82,search,118010,0.99998,0.00141406,1794.7,1.30813
0.95,83,insert,52.859,-1.0,-1.0,0.0,1.31436
0.95,84,search,120107,0.99998,0.00141406,1491.52,1.31455
0.95,85,insert,119.219,-1.0,-1.0,0.0,1.3294
0.95,86,search,124109,0.99998,0.00141406,1885.07,1.32967
0.95,87,insert,1438.99,-1.0,-1.0,0.0,1.52354
0.95,88,search,125005,0.99998,0.00141406,22528.9,1.52442
0.95,89,insert,1336.56,-1.0,-1.0,0.0,1.68435
0.95,90,search,139715,0.99998,0.00141406,26890.2,1.68461
0.95,91,insert,144.186,-1.0,-1.0,0.0,1.69942
0.95,92,search,150429,0.99998,0.00141406,8889.88,1.69942
0.95,93,insert,981.427,-1.0,-1.0,0.0,1.80371
0.95,94,search,161753,0.99998,0.00141406,12834.3,1.8043
0.95,95,insert,67.921,-1.0,-1.0,0.0,1.8114
0.95,96,search,163073,0.99998,0.00141406,3668.88,1.81084
0.95,97,insert,47.185,-1.0,-1.0,0.0,1.81493
0.95,98,search,165485,0.99998,0.00141406,2184.61,1.81487
0.95,99,insert,26.804,-1.0,-1.0,0.0,1.81702
0.95,100,search,168676,0.99998,0.00141406,1852.2,1.81694
0.95,101,insert,151.763,-1.0,-1.0,0.0,1.8304
0.95,102,search,168870,0.99998,0.00141406,2254.32,1.83048
0.75,2,search,5157.84,0.99611,0.0205396,4.12,0.0183461
0.75,3,insert,10.416,-1.0,-1.0,0.0,0.0223849
0.75,4,search,5089.6,0.99683,0.0182473,14.831,0.0224592
0.75,5,insert,28.874,-1.0,-1.0,0.0,0.0330443
0.75,6,search,6423.46,0.99815,0.0139859,80.202,0.0330488
0.75,7,insert,38.547,-1.0,-1.0,0.0,0.0423284
0.75,8,search,6743.25,0.99799,0.0152642,165.47,0.0423373
0.75,9,insert,4.934,-1.0,-1.0,0.0,0.0440534
0.75,10,search,6821.04,0.99836,0.0137604,176.435,0.0441281
0.75,11,insert,14.41,-1.0,-1.0,0.0,0.0493398
0.75,12,search,7128.61,0.99831,0.0137901,212.535,0.0492244
0.75,13,insert,32.583,-1.0,-1.0,0.0,0.0603089
0.75,14,search,7527.01,0.99826,0.0142469,305.35,0.0604427
0.75,15,insert,26.629,-1.0,-1.0,0.0,0.0689651
0.75,16,search,8143.18,0.99834,0.0138294,395.425,0.0691254
0.75,17,insert,5.546,-1.0,-1.0,0.0,0.0712429
0.75,18,search,8802.48,0.99803,0.0152036,325.553,0.0712246
0.75,19,insert,49.576,-1.0,-1.0,0.0,0.0779957
0.75,20,search,9656.65,0.99806,0.0150428,311.335,0.0781646
0.75,21,insert,439.031,-1.0,-1.0,0.0,0.196456
0.75,22,search,10409,0.99791,0.0147873,1713.58,0.197361
0.75,23,insert,483.914,-1.0,-1.0,0.0,0.322766
0.75,24,search,13379.4,0.99769,0.0158647,3672.3,0.322244
0.75,25,insert,77.429,-1.0,-1.0,0.0,0.341349
0.75,26,search,17662.1,0.99646,0.0195844,3312.01,0.341526
0.75,27,insert,42.537,-1.0,-1.0,0.0,0.353945
0.75,28,search,18012.2,0.99603,0.0206218,2834.92,0.354809
0.75,29,insert,102.539,-1.0,-1.0,0.0,0.381047
0.75,30,search,27281.3,0.9965,0.0191771,2427.6,0.380739
0.75,31,insert,750.721,-1.0,-1.0,0.0,0.544619
0.75,32,search,32840.1,0.99652,0.0199991,6297.19,0.544806
0.75,33,insert,115.726,-1.0,-1.0,0.0,0.567317
0.75,34,search,37795.2,0.99658,0.0196043,4852.08,0.56763
0.75,35,insert,95.92,-1.0,-1.0,0.0,0.582627
0.75,36,search,44984.2,0.99717,0.0173504,2718.8,0.582984
0.75,37,insert,128.757,-1.0,-1.0,0.0,0.602918
0.75,38,search,45879.6,0.99748,0.0161148,2016.51,0.60316
0.75,39,insert,18.148,-1.0,-1.0,0.0,0.60627
0.75,40,search,47197.9,0.99751,0.0160257,899.167,0.606519
0.75,41,insert,120.724,-1.0,-1.0,0.0,0.621033
0.75,42,search,48070.4,0.99759,0.0157864,970.479,0.621073
0.75,43,insert,35.92,-1.0,-1.0,0.0,0.625271
0.75,44,search,48729.8,0.99776,0.0149999,652.129,0.625482
0.75,45,insert,405.013,-1.0,-1.0,0.0,0.64049
0.75,46,search,48826.9,0.9978,0.0149397,1114.44,0.641175
0.75,47,insert,665.631,-1.0,-1.0,0.0,0.741888
0.75,48,search,50664.9,0.99803,0.0141125,3839.29,0.742245
0.75,49,insert,87.116,-1.0,-1.0,0.0,0.757267
0.75,50,search,53813.6,0.99807,0.0141165,1918.33,0.757701
0.75,51,insert,838.734,-1.0,-1.0,0.0,0.894337
0.75,52,search,56850.5,0.99826,0.0134527,10541.5,0.894381
0.75,53,insert,132.188,-1.0,-1.0,0.0,0.914297
0.75,54,search,63808.2,0.99824,0.0135249,5486.98,0.915372
0.75,55,insert,857.849,-1.0,-1.0,0.0,1.05558
0.75,56,search,68149.6,0.99845,0.0128298,8718.72,1.05475
0.75,57,insert,81.533,-1.0,-1.0,0.0,1.06308
0.75,58,search,73723.8,0.99832,0.0132365,3609.6,1.06424
0.75,59,insert,607.923,-1.0,-1.0,0.0,1.16312
0.75,60,search,74026.8,0.99842,0.0127877,7151.63,1.16314
0.75,61,insert,43.485,-1.0,-1.0,0.0,1.16735
0.75,62,search,72941.1,0.99835,0.0133531,2662.36,1.16609
0.75,63,insert,10.599,-1.0,-1.0,0.0,1.16751
0.75,64,search,76467.6,0.99841,0.013133,1607.62,1.1678
0.75,65,insert,338.492,-1.0,-1.0,0.0,1.19699
0.75,66,search,80706.2,0.99861,0.0118774,3614.01,1.19703
0.75,67,insert,150.313,-1.0,-1.0,0.0,1.21641
0.75,68,search,83828.1,0.99866,0.011671,2375.81,1.21615
0.75,69,insert,202.397,-1.0,-1.0,0.0,1.23996
0.75,70,search,84355.5,0.99871,0.0114609,2483.47,1.24047
0.75,71,insert,57.209,-1.0,-1.0,0.0,1.24617
0.75,72,search,83249.4,0.99871,0.0114609,1776.57,1.24603
0.75,73,insert,32.473,-1.0,-1.0,0.0,1.24922
0.75,74,search,88491.1,0.99873,0.0113757,1286.27,1.24898
0.75,75,insert,80.764,-1.0,-1.0,0.0,1.25626
0.75,76,search,84799.6,0.99874,0.0113325,1329.12,1.25636
0.75,77,insert,124.679,-1.0,-1.0,0.0,1.26762
0.75,78,search,84922.9,0.99874,0.0113325,1478.46,1.26782
0.75,79,insert,761.751,-1.0,-1.0,0.0,1.29621
0.75,80,search,86215.4,0.99878,0.011248,2322.34,1.29592
0.75,81,insert,121.402,-1.0,-1.0,0.0,1.30874
0.75,82,search,87678.7,0.99882,0.0110733,1664.39,1.30874
0.75,83,insert,54.263,-1.0,-1.0,0.0,1.31517
0.75,84,search,86665.1,0.99884,0.010985,1343.1,1.31479
0.75,85,insert,126.908,-1.0,-1.0,0.0,1.33024
0.75,86,search,87677.9,0.99883,0.011029,1618.81,1.33007
0.75,87,insert,1442.07,-1.0,-1.0,0.0,1.52355
0.75,88,search,91504.2,0.99907,0.00970343,20731.1,1.52548
0.75,89,insert,1152.82,-1.0,-1.0,0.0,1.68253
0.75,90,search,102276,0.99919,0.0089639,26299.4,1.68473
0.75,91,insert,142.406,-1.0,-1.0,0.0,1.69899
0.75,92,search,110683,0.99916,0.00912731,9548.98,1.69933
0.75,93,insert,1085.72,-1.0,-1.0,0.0,1.80314
0.75,94,search,118291,0.99909,0.00949663,11761.1,1.8034
0.75,95,insert,71.56,-1.0,-1.0,0.0,1.81062
0.75,96,search,120615,0.99908,0.00954754,3874.38,1.81054
0.75,97,insert,52.145,-1.0,-1.0,0.0,1.81498
0.75,98,search,121596,0.99912,0.00933995,2183.57,1.81515
0.75,99,insert,28.321,-1.0,-1.0,0.0,1.8174
0.75,100,search,122336,0.99914,0.00923371,1759.05,1.81738
0.75,101,insert,148.033,-1.0,-1.0,0.0,1.83002
0.75,102,search,123854,0.99918,0.00901842,2099.05,1.83005
0.5,2,search,3743.63,0.97361,0.0540257,2.884,0.0183457
0.5,3,insert,11.153,-1.0,-1.0,0.0,0.0223845
0.5,4,search,3598.73,0.97715,0.0498717,3.635,0.0223845
0.5,5,insert,30.994,-1.0,-1.0,0.0,0.032811
0.5,6,search,4540.01,0.9874,0.0375665,89.192,0.032607
0.5,7,insert,38.563,-1.0,-1.0,0.0,0.0422019
0.5,8,search,4846.43,0.98484,0.0423822,159.183,0.0425038
0.5,9,insert,5.569,-1.0,-1.0,0.0,0.0440766
0.5,10,search,4957.5,0.98835,0.0364879,156.109,0.0444186
0.5,11,insert,13.488,-1.0,-1.0,0.0,0.0491412
0.5,12,search,5004.8,0.98773,0.037718,195.998,0.0493855
0.5,13,insert,34.581,-1.0,-1.0,0.0,0.0603616
0.5,14,search,5334.28,0.98638,0.0403838,252.709,0.0606627
0.5,15,insert,27.724,-1.0,-1.0,0.0,0.0691303
0.5,16,search,5421.35,0.98674,0.0394231,227.815,0.0688255
0.5,17,insert,5.141,-1.0,-1.0,0.0,0.071198
0.5,18,search,5687.47,0.98717,0.03814,223.956,0.0711552
0.5,19,insert,48.413,-1.0,-1.0,0.0,0.0782699
0.5,20,search,5800.35,0.98726,0.0383109,226.684,0.0782426
0.5,21,insert,437.962,-1.0,-1.0,0.0,0.197909
0.5,22,search,6458.81,0.98758,0.0366322,1111.19,0.196871
0.5,23,insert,497.166,-1.0,-1.0,0.0,0.322367
0.5,24,search,8118.26,0.98306,0.0436939,2786.47,0.321907
0.5,25,insert,69.664,-1.0,-1.0,0.0,0.341771
0.5,26,search,10072.1,0.97182,0.0582404,2577.11,0.341055
0.5,27,insert,48.109,-1.0,-1.0,0.0,0.353585
0.5,28,search,11947,0.96974,0.0605032,1338.78,0.35286
0.5,29,insert,89.058,-1.0,-1.0,0.0,0.379365
0.5,30,search,13399.3,0.97119,0.0587473,794.499,0.380149
0.5,31,insert,632.677,-1.0,-1.0,0.0,0.54195
0.5,32,search,13452.8,0.97269,0.057667,4650.08,0.543491
0.5,33,insert,89.775,-1.0,-1.0,0.0,0.565608
0.5,34,search,16581.5,0.97178,0.0584663,2672.46,0.566289
0.5,35,insert,71.556,-1.0,-1.0,0.0,0.580414
0.5,36,search,18470.8,0.97253,0.0581289,1532.85,0.580893
0.5,37,insert,92.37,-1.0,-1.0,0.0,0.600819
0.5,38,search,18330.6,0.97338,0.0567979,958.911,0.600816
0.5,39,insert,21.539,-1.0,-1.0,0.0,0.604612
0.5,40,search,19082.3,0.9732,0.0570819,694.963,0.604504
0.5,41,insert,102.789,-1.0,-1.0,0.0,0.619391
0.5,42,search,18711.9,0.97372,0.0567056,787.874,0.619435
0.5,43,insert,30.477,-1.0,-1.0,0.0,0.623922
0.5,44,search,19655.6,0.97383,0.0565013,830.736,0.623915
0.5,45,insert,378.58,-1.0,-1.0,0.0,0.639142
0.5,46,search,19384.2,0.97451,0.0559091,1157.1,0.639118
0.5,47,insert,563.585,-1.0,-1.0,0.0,0.741071
0.5,48,search,20200.9,0.97679,0.0534823,4321.88,0.739977
0.5,49,insert,74.871,-1.0,-1.0,0.0,0.755689
0.5,50,search,21395.2,0.97775,0.0525398,2115.88,0.754856
0.5,51,insert,701.766,-1.0,-1.0,0.0,0.891892
0.5,52,search,22905,0.98016,0.0498644,7573.03,0.893248
0.5,53,insert,114.214,-1.0,-1.0,0.0,0.911387
0.5,54,search,25683.9,0.97861,0.0517873,3388.47,0.911412
0.5,55,insert,669.195,-1.0,-1.0,0.0,1.05338
0.5,56,search,27611.4,0.98177,0.0481941,6749.72,1.05378
0.5,57,insert,79.394,-1.0,-1.0,0.0,1.06247
0.5,58,search,29610.8,0.98182,0.047809,2920.01,1.06225
0.5,59,insert,629.259,-1.0,-1.0,0.0,1.16263
0.5,60,search,30548.6,0.98243,0.0468256,5497.48,1.16091
0.5,61,insert,32.408,-1.0,-1.0,0.0,1.16516
0.5,62,search,29070.2,0.98031,0.0504931,1591.47,1.16459
0.5,63,insert,5.033,-1.0,-1.0,0.0,1.16564
0.5,64,search,30263.8,0.9807,0.0499765,1051.02,1.16574
0.5,65,insert,249.18,-1.0,-1.0,0.0,1.1948
0.5,66,search,30841.4,0.98149,0.0486293,2459.94,1.19433
0.5,67,insert,120.312,-1.0,-1.0,0.0,1.2146
0.5,68,search,31718.4,0.98176,0.0481391,1335.3,1.21446
0.5,69,insert,152.82,-1.0,-1.0,0.0,1.2364
0.5,70,search,32073.5,0.98193,0.0476919,1254.46,1.2368
0.5,71,insert,40.187,-1.0,-1.0,0.0,1.24216
0.5,72,search,32523.1,0.98202,0.0476519,1021.83,1.2423
0.5,73,insert,22.541,-1.0,-1.0,0.0,1.24529
0.5,74,search,31813.3,0.982,0.0476479,898.995,1.24531
0.5,75,insert,73.629,-1.0,-1.0,0.0,1.25279
0.5,76,search,34187.6,0.98213,0.0473263,991.224,1.25237
0.5,77,insert,96.793,-1.0,-1.0,0.0,1.26381
0.5,78,search,32661.1,0.98197,0.0474972,962.885,1.2637
0.5,79,insert,717.384,-1.0,-1.0,0.0,1.29164
0.5,80,search,32964.9,0.98178,0.0478975,1322.2,1.29165
0.5,81,insert,89.447,-1.0,-1.0,0.0,1.30421
0.5,82,search,33698.6,0.9821,0.0474537,1243.35,1.30482
0.5,83,insert,36.083,-1.0,-1.0,0.0,1.3108
0.5,84,search,34538.7,0.98218,0.0473759,1028.86,1.31099
0.5,85,insert,102.746,-1.0,-1.0,0.0,1.32549
0.5,86,search,33630.9,0.98235,0.0471124,1132.65,1.3256
0.5,87,insert,1336.38,-1.0,-1.0,0.0,1.51868
0.5,88,search,34413.8,0.98478,0.0425028,10220.9,1.52046
0.5,89,insert,992.01,-1.0,-1.0,0.0,1.67934
0.5,90,search,38139.1,0.98634,0.0395435,11659.5,1.67947
0.5,91,insert,118.143,-1.0,-1.0,0.0,1.69359
0.5,92,search,43373.5,0.98622,0.0400773,4030.16,1.69367
0.5,93,insert,882.897,-1.0,-1.0,0.0,1.79861
0.5,94,search,43180.6,0.98654,0.0392047,5516.66,1.7988
0.5,95,insert,60.793,-1.0,-1.0,0.0,1.80626
0.5,96,search,43812.8,0.98691,0.0386767,2241.62,1.80678
0.5,97,insert,37.091,-1.0,-1.0,0.0,1.81065
0.5,98,search,42798.9,0.98704,0.0386018,1381.24,1.81092
0.5,99,insert,20.421,-1.0,-1.0,0.0,1.81303
0.5,100,search,45119.1,0.9871,0.0385689,1295.79,1.81312
0.5,101,insert,150.529,-1.0,-1.0,0.0,1.82562
0.5,102,search,44183.1,0.98717,0.0383491,1474.14,1.8257
0.25,2,search,2282.69,0.88485,0.117342,1.716,0.0183457
0.25,3,insert,9.707,-1.0,-1.0,0.0,0.0223845
0.25,4,search,2203.75,0.89452,0.112956,1.774,0.0223845
0.25,5,insert,31.054,-1.0,-1.0,0.0,0.032811
0.25,6,search,2604.86,0.93574,0.0952189,72.078,0.032607
0.25,7,insert,38.421,-1.0,-1.0,0.0,0.0422019
0.25,8,search,2715.59,0.93128,0.0983071,146.99,0.042614
0.25,9,insert,5.194,-1.0,-1.0,0.0,0.0444508
0.25,10,search,2752.27,0.94257,0.0871074,119.664,0.0441481
0.25,11,insert,12.873,-1.0,-1.0,0.0,0.0491334
0.25,12,search,2846.73,0.93983,0.0899551,151.276,0.0490987
0.25,13,insert,30.466,-1.0,-1.0,0.0,0.0602396
0.25,14,search,2918.6,0.93398,0.0949639,161.71,0.0602281
0.25,15,insert,27.715,-1.0,-1.0,0.0,0.0689651
0.25,16,search,2973.34,0.93191,0.0951186,179.394,0.069085
0.25,17,insert,5.675,-1.0,-1.0,0.0,0.0712829
0.25,18,search,3117.7,0.93227,0.0947425,150.274,0.0714004
0.25,19,insert,47.577,-1.0,-1.0,0.0,0.0780039
0.25,20,search,3189.27,0.93655,0.0904867,181.48,0.0780292
0.25,21,insert,441.609,-1.0,-1.0,0.0,0.197719
0.25,22,search,3571.69,0.93834,0.0877201,912.217,0.197477
0.25,23,insert,450.585,-1.0,-1.0,0.0,0.321868
0.25,24,search,4341.87,0.91593,0.105138,1822.31,0.321488
0.25,25,insert,62.233,-1.0,-1.0,0.0,0.341099
0.25,26,search,4786.43,0.89842,0.116361,1729.48,0.341241
0.25,27,insert,39.278,-1.0,-1.0,0.0,0.353264
0.25,28,search,5503.58,0.89316,0.118508,729.246,0.353976
0.25,29,insert,82.9,-1.0,-1.0,0.0,0.380429
0.25,30,search,5527.95,0.89845,0.115403,566.173,0.37977
0.25,31,insert,587.56,-1.0,-1.0,0.0,0.543944
0.25,32,search,6017.92,0.90654,0.111415,3449.11,0.542931
0.25,33,insert,91.392,-1.0,-1.0,0.0,0.565799
0.25,34,search,6862.79,0.90644,0.111933,1878.59,0.565218
0.25,35,insert,56.485,-1.0,-1.0,0.0,0.579554
0.25,36,search,7543.78,0.90745,0.111673,904.371,0.579638
0.25,37,insert,82.46,-1.0,-1.0,0.0,0.601868
0.25,38,search,7443.85,0.90846,0.110802,774.153,0.601668
0.25,39,insert,13.019,-1.0,-1.0,0.0,0.60504
0.25,40,search,7758.55,0.90858,0.110928,583.728,0.604879
0.25,41,insert,69.935,-1.0,-1.0,0.0,0.6212
0.25,42,search,7828.81,0.91014,0.109952,865.999,0.621318
0.25,43,insert,19.907,-1.0,-1.0,0.0,0.625059
0.25,44,search,7679.94,0.91007,0.110048,691.175,0.624947
0.25,45,insert,346.416,-1.0,-1.0,0.0,0.640347
0.25,46,search,7876.18,0.91282,0.108133,984.944,0.639864
0.25,47,insert,488.511,-1.0,-1.0,0.0,0.73934
0.25,48,search,7968.13,0.91793,0.104952,2848.47,0.740093
0.25,49,insert,56.876,-1.0,-1.0,0.0,0.755575
0.25,50,search,8574.73,0.91923,0.104955,1552.22,0.754557
0.25,51,insert,614.492,-1.0,-1.0,0.0,0.890585
0.25,52,search,8898.39,0.92771,0.0990787,4777.14,0.891454
0.25,53,insert,95.807,-1.0,-1.0,0.0,0.911569
0.25,54,search,9866.91,0.92524,0.10105,2207.39,0.910524
0.25,55,insert,496.489,-1.0,-1.0,0.0,1.05029
0.25,56,search,10756.1,0.9338,0.0947638,5256.67,1.05166
0.25,57,insert,64.877,-1.0,-1.0,0.0,1.06022
0.25,58,search,11183.9,0.93294,0.0955876,2247.02,1.06059
0.25,59,insert,433.539,-1.0,-1.0,0.0,1.15772
0.25,60,search,11644.4,0.934,0.0944534,3835.39,1.15751
0.25,61,insert,21.641,-1.0,-1.0,0.0,1.16171
0.25,62,search,12050.7,0.93065,0.0991768,2092,1.16264
0.25,63,insert,7.967,-1.0,-1.0,0.0,1.16365
0.25,64,search,11637.3,0.93061,0.099272,1336.6,1.16468
0.25,65,insert,190.171,-1.0,-1.0,0.0,1.1951
0.25,66,search,11656.2,0.93284,0.0971381,2451.94,1.19502
0.25,67,insert,89.76,-1.0,-1.0,0.0,1.21518
0.25,68,search,12556.2,0.93315,0.0969631,1630.31,1.21553
0.25,69,insert,143.727,-1.0,-1.0,0.0,1.23926
0.25,70,search,12137,0.93399,0.0965082,1742.14,1.23899
0.25,71,insert,27.424,-1.0,-1.0,0.0,1.24378
0.25,72,search,12357.8,0.93443,0.0961615,1421.86,1.24376
0.25,73,insert,21.603,-1.0,-1.0,0.0,1.24711
0.25,74,search,12355.8,0.93426,0.0962957,1400,1.24741
0.25,75,insert,61.127,-1.0,-1.0,0.0,1.25443
0.25,76,search,12115.5,0.93436,0.096282,1475.32,1.25452
0.25,77,insert,70.904,-1.0,-1.0,0.0,1.26581
0.25,78,search,12431.3,0.93413,0.0961939,1383.47,1.26591
0.25,79,insert,808.369,-1.0,-1.0,0.0,1.295
0.25,80,search,12497.5,0.93401,0.096665,1820.87,1.29529
0.25,81,insert,80.251,-1.0,-1.0,0.0,1.30662
0.25,82,search,12813,0.9348,0.0958508,1507.13,1.30637
0.25,83,insert,26.16,-1.0,-1.0,0.0,1.31236
0.25,84,search,12749,0.93515,0.0951409,1557.52,1.31294
0.25,85,insert,104.126,-1.0,-1.0,0.0,1.3273
0.25,86,search,12794.6,0.93577,0.0946486,1581.83,1.32728
0.25,87,insert,943.232,-1.0,-1.0,0.0,1.51948
0.25,88,search,13387.7,0.94254,0.0876102,10737.1,1.51868
0.25,89,insert,940.714,-1.0,-1.0,0.0,1.6786
0.25,90,search,14735.9,0.94648,0.0836913,12654,1.67838
0.25,91,insert,107.711,-1.0,-1.0,0.0,1.69204
0.25,92,search,16373,0.94667,0.0837738,3753.93,1.69365
0.25,93,insert,727.292,-1.0,-1.0,0.0,1.79968
0.25,94,search,16155.6,0.94789,0.0824523,5176.82,1.79895
0.25,95,insert,49.626,-1.0,-1.0,0.0,1.80558
0.25,96,search,17036.4,0.94816,0.0818819,2363.86,1.80609
0.25,97,insert,27.707,-1.0,-1.0,0.0,1.80978
0.25,98,search,17333.6,0.94819,0.0819383,2091.24,1.80984
0.25,99,insert,18.379,-1.0,-1.0,0.0,1.81137
0.25,100,search,17081.3,0.94821,0.0818611,38.394,1.81137
0.25,101,insert,138.01,-1.0,-1.0,0.0,1.82553
0.25,102,search,17142.3,0.94846,0.0816462,2220.78,1.82553
0.05,2,search,873.849,0.57321,0.215169,0.753,0.0183461
0.05,3,insert,13.361,-1.0,-1.0,0.0,0.0223849
0.05,4,search,856.665,0.58482,0.214377,0.858,0.0223849
0.05,5,insert,35.555,-1.0,-1.0,0.0,0.0328114
0.05,6,search,881.401,0.65013,0.234846,65.997,0.0326074
0.05,7,insert,34.026,-1.0,-1.0,0.0,0.0422023
0.05,8,search,907.831,0.71023,0.206475,92.964,0.0426144
0.05,9,insert,4.286,-1.0,-1.0,0.0,0.0444512
0.05,10,search,918.404,0.71488,0.197403,88.731,0.0441252
0.05,11,insert,11.808,-1.0,-1.0,0.0,0.0491742
0.05,12,search,941.415,0.69284,0.200565,96.829,0.0489449
0.05,13,insert,29.4,-1.0,-1.0,0.0,0.0601796
0.05,14,search,955.218,0.67446,0.204164,115.475,0.060322
0.05,15,insert,27.723,-1.0,-1.0,0.0,0.0691642
0.05,16,search,968.137,0.65255,0.205064,110.948,0.0689296
0.05,17,insert,5.081,-1.0,-1.0,0.0,0.0712339
0.05,18,search,971.999,0.64673,0.209309,95.615,0.0708982
0.05,19,insert,43.227,-1.0,-1.0,0.0,0.0777236
0.05,20,search,980.94,0.66183,0.207236,107.451,0.0778476
0.05,21,insert,436.254,-1.0,-1.0,0.0,0.19668
0.05,22,search,1111.29,0.66877,0.204296,647.443,0.197373
0.05,23,insert,465.031,-1.0,-1.0,0.0,0.322176
0.05,24,search,1292.01,0.66837,0.211075,1741.07,0.321703
0.05,25,insert,60.136,-1.0,-1.0,0.0,0.340587
0.05,26,search,1254.09,0.65783,0.212576,1092.91,0.341108
0.05,27,insert,37.104,-1.0,-1.0,0.0,0.352858
0.05,28,search,1292.64,0.64663,0.217334,418.027,0.353109
0.05,29,insert,74.381,-1.0,-1.0,0.0,0.380256
0.05,30,search,1330.56,0.65813,0.218309,463.928,0.379752
0.05,31,insert,509.231,-1.0,-1.0,0.0,0.543361
0.05,32,search,1471.14,0.67277,0.212932,2205.56,0.541713
0.05,33,insert,80.149,-1.0,-1.0,0.0,0.565231
0.05,34,search,1506.85,0.67319,0.213557,1278.65,0.564945
0.05,35,insert,56.656,-1.0,-1.0,0.0,0.579606
0.05,36,search,1553.2,0.67518,0.212154,677.093,0.58035
0.05,37,insert,71.806,-1.0,-1.0,0.0,0.600103
0.05,38,search,1503.15,0.67436,0.212779,569.918,0.60058
0.05,39,insert,17.578,-1.0,-1.0,0.0,0.604429
0.05,40,search,1557.93,0.67903,0.211491,580.324,0.604298
0.05,41,insert,62.367,-1.0,-1.0,0.0,0.618968
0.05,42,search,1562.6,0.68094,0.211189,591.22,0.619109
0.05,43,insert,14.838,-1.0,-1.0,0.0,0.623476
0.05,44,search,1556.9,0.68053,0.21106,554.277,0.623353
0.05,45,insert,329.092,-1.0,-1.0,0.0,0.638415
0.05,46,search,1579.89,0.6852,0.208619,771.378,0.638332
0.05,47,insert,390.783,-1.0,-1.0,0.0,0.738241
0.05,48,search,1647.03,0.69248,0.210438,2014.49,0.73931
0.05,49,insert,51.919,-1.0,-1.0,0.0,0.755075
0.05,50,search,1675.36,0.69756,0.210277,1202.83,0.754351
0.05,51,insert,439.798,-1.0,-1.0,0.0,0.89089
0.05,52,search,1802.96,0.71888,0.202166,2914.9,0.891649
0.05,53,insert,77.632,-1.0,-1.0,0.0,0.910222
0.05,54,search,1833.91,0.71722,0.203346,1733.88,0.909768
0.05,55,insert,514.027,-1.0,-1.0,0.0,1.05108
0.05,56,search,2007.24,0.72905,0.198304,3672.65,1.05279
0.05,57,insert,46.932,-1.0,-1.0,0.0,1.06139
0.05,58,search,2029.71,0.727,0.201542,1590.45,1.06143
0.05,59,insert,396.714,-1.0,-1.0,0.0,1.16002
0.05,60,search,2092.94,0.72834,0.200396,2874.41,1.15954
0.05,61,insert,16.747,-1.0,-1.0,0.0,1.16378
0.05,62,search,2117.1,0.72832,0.202387,1294.25,1.1643
0.05,63,insert,5.294,-1.0,-1.0,0.0,1.16583
0.05,64,search,2083.26,0.72744,0.202948,1085.3,1.16577
0.05,65,insert,121.655,-1.0,-1.0,0.0,1.19376
0.05,66,search,2098.21,0.73114,0.200981,1733.55,1.19402
0.05,67,insert,77.98,-1.0,-1.0,0.0,1.21405
0.05,68,search,2133.03,0.7319,0.201766,1337.2,1.21443
0.05,69,insert,104.974,-1.0,-1.0,0.0,1.23907
0.05,70,search,2162.73,0.7349,0.19997,1478.22,1.23874
0.05,71,insert,30.169,-1.0,-1.0,0.0,1.24509
0.05,72,search,2176.96,0.73663,0.199247,1336.89,1.24488
0.05,73,insert,11.745,-1.0,-1.0,0.0,1.24772
0.05,74,search,2173.75,0.73605,0.199683,1256.81,1.24713
0.05,75,insert,42.752,-1.0,-1.0,0.0,1.25569
0.05,76,search,2166.39,0.73624,0.199625,1154.5,1.25562
0.05,77,insert,65.676,-1.0,-1.0,0.0,1.26691
0.05,78,search,2193.8,0.73787,0.199184,1334.75,1.26651
0.05,79,insert,731.339,-1.0,-1.0,0.0,1.29381
0.05,80,search,2226.37,0.73819,0.199011,1374.44,1.29427
0.05,81,insert,68.476,-1.0,-1.0,0.0,1.30619
0.05,82,search,2195.05,0.73885,0.198969,1359.59,1.30595
0.05,83,insert,24.227,-1.0,-1.0,0.0,1.31218
0.05,84,search,2232.82,0.74189,0.198012,1483.14,1.31255
0.05,85,insert,81.791,-1.0,-1.0,0.0,1.32874
0.05,86,search,2231.11,0.74257,0.198453,1423.25,1.32888
0.05,87,insert,864.217,-1.0,-1.0,0.0,1.51901
0.05,88,search,2377.17,0.75453,0.192191,6519.5,1.51873
0.05,89,insert,742.049,-1.0,-1.0,0.0,1.67991
0.05,90,search,2562.91,0.76709,0.186772,7774.15,1.68172
0.05,91,insert,55.429,-1.0,-1.0,0.0,1.69436
0.05,92,search,2637.16,0.76887,0.187009,2934.89,1.69398
0.05,93,insert,616.954,-1.0,-1.0,0.0,1.80045
0.05,94,search,2733.78,0.77007,0.187019,3484.94,1.79943
0.05,95,insert,32.713,-1.0,-1.0,0.0,1.80629
0.05,96,search,2617.49,0.77078,0.186384,2182.06,1.80663
0.05,97,insert,18.348,-1.0,-1.0,0.0,1.81046
0.05,98,search,2708.34,0.7717,0.185967,1766.49,1.81038
0.05,99,insert,9.343,-1.0,-1.0,0.0,1.81222
0.05,100,search,2689.76,0.77161,0.186039,1855.31,1.81215
0.05,101,insert,71.056,-1.0,-1.0,0.0,1.82496
0.05,102,search,2711.99,0.77238,0.185916,2003.62,1.82586
