step_num,step_type,latency_ms,worker_partition_size,worker_scan_time_ms,worker_scan_throughput,worker_result_time_ms,measured_ipc,cache_miss_rate,recall_mean,recall_std_dev,gt_scan_mean,gt_scan_dev,mainteance_ms,index_mem_gb,num_partitions,num_vectors
2,search,3070.27,37.3917,396.028,0.372447,499.333,0.83053,1.59165,0.83796,0.13696,-1.0,-1.0,7.297,0.0184881,1000,38806
3,insert,24.883,-1.0,-1.0,-1.0,-1.0,-1.0,-1.0,-1.0,-1.0,-1.0,-1.0,11.592,0.0226489,997,49334
4,search,2432.37,65.61,267.904,0.596273,173.074,1.39491,23.5485,0.85002,0.13685,-1.0,-1.0,17.203,0.0226571,995,49334
5,insert,20.717,-1.0,-1.0,-1.0,-1.0,-1.0,-1.0,-1.0,-1.0,-1.0,-1.0,148.071,0.0331908,984,73557
6,search,2305.81,193.134,226.938,0.869705,101.021,0.873411,18.4945,0.91587,0.110639,-1.0,-1.0,137.382,0.0331908,984,73557
7,insert,24.865,-1.0,-1.0,-1.0,-1.0,-1.0,-1.0,-1.0,-1.0,-1.0,-1.0,136.613,0.0426695,984,95766
8,search,2351.84,245.376,331.776,0.719487,106.128,1.37675,17.5143,0.91691,0.110489,-1.0,-1.0,87.988,0.0430701,988,95766
9,insert,3.129,-1.0,-1.0,-1.0,-1.0,-1.0,-1.0,-1.0,-1.0,-1.0,-1.0,73.748,0.0447788,988,100025
10,search,2372.69,250.163,320.96,0.775866,106.396,1.37115,19.4719,0.91771,0.107466,-1.0,-1.0,74.929,0.0447788,988,100025
11,insert,8.53,-1.0,-1.0,-1.0,-1.0,-1.0,-1.0,-1.0,-1.0,-1.0,-1.0,77.981,0.0494549,989,111417
12,search,2446.48,294.312,405.716,0.627239,116.446,1.48712,17.7425,0.91734,0.108494,-1.0,-1.0,23.414,0.0498645,990,111417
13,insert,29.631,-1.0,-1.0,-1.0,-1.0,-1.0,-1.0,-1.0,-1.0,-1.0,-1.0,6.249,0.0612351,990,137139
14,search,2421.19,333.836,331.021,0.756576,119.366,1.40499,12.7426,0.91308,0.111165,-1.0,-1.0,15.033,0.061251,992,137139
15,insert,15.531,-1.0,-1.0,-1.0,-1.0,-1.0,-1.0,-1.0,-1.0,-1.0,-1.0,6.149,0.0699088,992,156710
16,search,2450.41,367.914,461.266,0.650374,100.993,1.65992,16.2248,0.91007,0.112083,-1.0,-1.0,6.311,0.0699088,992,156710
17,insert,4.465,-1.0,-1.0,-1.0,-1.0,-1.0,-1.0,-1.0,-1.0,-1.0,-1.0,9.042,0.0721524,993,161773
18,search,2491.08,385.117,469.72,0.625897,114.158,1.62688,15.5473,0.91228,0.111388,-1.0,-1.0,6.296,0.0721524,993,161773
19,insert,30.904,-1.0,-1.0,-1.0,-1.0,-1.0,-1.0,-1.0,-1.0,-1.0,-1.0,8.647,0.0788329,994,177161
20,search,2463.67,427.16,434.459,0.68179,108.157,1.762,15.8342,0.91619,0.108129,-1.0,-1.0,6.174,0.0788329,994,177161
21,insert,325.368,-1.0,-1.0,-1.0,-1.0,-1.0,-1.0,-1.0,-1.0,-1.0,-1.0,106.624,0.199226,1015,448898
22,search,2572.78,924.323,535.212,0.889352,78.4564,1.9074,6.57268,0.90782,0.109883,-1.0,-1.0,15.309,0.199226,1017,448898
23,insert,398.183,-1.0,-1.0,-1.0,-1.0,-1.0,-1.0,-1.0,-1.0,-1.0,-1.0,252.467,0.328008,1056,733493
24,search,2882.84,1302.93,798.997,0.793248,90.673,2.12338,10.1353,0.90258,0.111878,-1.0,-1.0,64.024,0.328007,1065,733493
25,insert,41.729,-1.0,-1.0,-1.0,-1.0,-1.0,-1.0,-1.0,-1.0,-1.0,-1.0,16.928,0.344779,1067,777443
26,search,2844.52,1308.8,740.571,0.867858,85.9908,2.02675,8.83081,0.90327,0.111395,-1.0,-1.0,14.563,0.344787,1068,777443
27,insert,30.127,-1.0,-1.0,-1.0,-1.0,-1.0,-1.0,-1.0,-1.0,-1.0,-1.0,8.481,0.355871,1068,805394
28,search,2852.76,1337.72,772.889,0.860388,72.3551,1.99488,7.76554,0.9034,0.111453,-1.0,-1.0,8.841,0.355871,1068,805394
29,insert,60.028,-1.0,-1.0,-1.0,-1.0,-1.0,-1.0,-1.0,-1.0,-1.0,-1.0,40.577,0.384014,1073,866391
30,search,2866.05,1410.39,780.85,0.898717,76.9226,1.95992,10.2073,0.90458,0.112188,-1.0,-1.0,23.985,0.384013,1075,866391
31,insert,436.755,-1.0,-1.0,-1.0,-1.0,-1.0,-1.0,-1.0,-1.0,-1.0,-1.0,364.699,0.553439,1125,1239816
32,search,3141.84,1721.98,947.831,0.901958,91.0181,2.00413,9.49485,0.89642,0.118214,-1.0,-1.0,74.006,0.553553,1134,1239816
33,insert,44.754,-1.0,-1.0,-1.0,-1.0,-1.0,-1.0,-1.0,-1.0,-1.0,-1.0,24.727,0.573565,1137,1291211
34,search,3187.3,1721.41,962.491,0.931293,84.9232,3.14305,12.2368,0.89645,0.118294,-1.0,-1.0,52.214,0.573577,1141,1291211
35,insert,28.286,-1.0,-1.0,-1.0,-1.0,-1.0,-1.0,-1.0,-1.0,-1.0,-1.0,36.02,0.585395,1147,1324978
36,search,3206.84,1749.44,979.044,1.00084,83.5524,1.99927,7.53983,0.89755,0.11705,-1.0,-1.0,21.924,0.585403,1149,1324978
37,insert,42.638,-1.0,-1.0,-1.0,-1.0,-1.0,-1.0,-1.0,-1.0,-1.0,-1.0,28.522,0.605791,1153,1371885
38,search,3226.82,1777.43,979.4,0.938982,85.4242,2.0111,7.19635,0.89721,0.116469,-1.0,-1.0,18.322,0.605791,1154,1371885
39,insert,13.507,-1.0,-1.0,-1.0,-1.0,-1.0,-1.0,-1.0,-1.0,-1.0,-1.0,15.482,0.60912,1155,1379335
40,search,3263.26,1779.22,1006.7,0.891796,89.7042,2.02152,7.86378,0.89768,0.116823,-1.0,-1.0,9.444,0.60912,1155,1379335
41,insert,61.145,-1.0,-1.0,-1.0,-1.0,-1.0,-1.0,-1.0,-1.0,-1.0,-1.0,18.594,0.624903,1157,1413312
42,search,3345.96,1809.18,1059.58,0.941386,103.23,2.0098,6.21945,0.89914,0.116026,-1.0,-1.0,15.705,0.625015,1158,1413312
43,insert,16.008,-1.0,-1.0,-1.0,-1.0,-1.0,-1.0,-1.0,-1.0,-1.0,-1.0,15.139,0.628672,1159,1423411
44,search,3308.58,1815.56,1041.3,0.928153,96.6002,2.0169,7.3644,0.89885,0.116296,-1.0,-1.0,8.867,0.628672,1159,1423411
45,insert,218.704,-1.0,-1.0,-1.0,-1.0,-1.0,-1.0,-1.0,-1.0,-1.0,-1.0,51.078,0.644769,1168,1457559
46,search,3313.21,1816.28,1034.95,0.948786,93.9339,2.04583,10.1682,0.89879,0.116116,-1.0,-1.0,8.532,0.644769,1168,1457559
